id,name,category,group,view,size,file,prompt
hair_men_buzz_cut,Buzz Cut,Hairstyle,men,front,1024x1536,hair_men_buzz_cut-front.jpg,"Subject: a man in his late 20s with light skin and natural brown hair. Hairstyle: an even buzz cut of about 6 mm all over with a clean, natural hairline, in the person's natural hair colour. Head and shoulders, centred, facing the camera and looking into the lens, relaxed natural expression. The whole head and all of the hair are visible, with clear space above the top of the head. Simple black crew-neck top, no jewellery, no hat, no glasses, no hands near the face. Professional beauty catalogue reference photo, photorealistic, shot on a full-frame camera with an 85 mm lens. Plain warm light-grey studio background, soft even front lighting, natural skin texture, true-to-life colours. No text, no watermark, no logo."
hair_men_buzz_cut,Buzz Cut,Hairstyle,men,side,1024x1536,hair_men_buzz_cut-side.jpg,"Subject: a man in his late 20s with light skin and natural brown hair. Hairstyle: an even buzz cut of about 6 mm all over with a clean, natural hairline, in the person's natural hair colour. Head and shoulders, centred, facing the camera and looking into the lens, relaxed natural expression. The whole head and all of the hair are visible, with clear space above the top of the head. Simple black crew-neck top, no jewellery, no hat, no glasses, no hands near the face. Same person and hairstyle in a side profile view (facing left, 90 degrees), whole head and hair visible. Professional beauty catalogue reference photo, photorealistic, shot on a full-frame camera with an 85 mm lens. Plain warm light-grey studio background, soft even front lighting, natural skin texture, true-to-life colours. No text, no watermark, no logo."
hair_men_buzz_cut,Buzz Cut,Hairstyle,men,back,1024x1536,hair_men_buzz_cut-back.jpg,"Subject: a man in his late 20s with light skin and natural brown hair. Hairstyle: an even buzz cut of about 6 mm all over with a clean, natural hairline, in the person's natural hair colour. Head and shoulders, centred, facing the camera and looking into the lens, relaxed natural expression. The whole head and all of the hair are visible, with clear space above the top of the head. Simple black crew-neck top, no jewellery, no hat, no glasses, no hands near the face. Same person and hairstyle seen from behind, showing the back and sides of the hairstyle, whole head visible. Professional beauty catalogue reference photo, photorealistic, shot on a full-frame camera with an 85 mm lens. Plain warm light-grey studio background, soft even front lighting, natural skin texture, true-to-life colours. No text, no watermark, no logo."
hair_men_crew_cut,Crew Cut,Hairstyle,men,front,1024x1536,hair_men_crew_cut-front.jpg,"Subject: a man in his 30s with medium olive skin and dark brown hair. Hairstyle: a crew cut: 2-3 cm on top, slightly longer at the front, tapered short on the sides and back, in the person's natural hair colour. Head and shoulders, centred, facing the camera and looking into the lens, relaxed natural expression. The whole head and all of the hair are visible, with clear space above the top of the head. Simple black crew-neck top, no jewellery, no hat, no glasses, no hands near the face. Professional beauty catalogue reference photo, photorealistic, shot on a full-frame camera with an 85 mm lens. Plain warm light-grey studio background, soft even front lighting, natural skin texture, true-to-life colours. No text, no watermark, no logo."
hair_men_crew_cut,Crew Cut,Hairstyle,men,side,1024x1536,hair_men_crew_cut-side.jpg,"Subject: a man in his 30s with medium olive skin and dark brown hair. Hairstyle: a crew cut: 2-3 cm on top, slightly longer at the front, tapered short on the sides and back, in the person's natural hair colour. Head and shoulders, centred, facing the camera and looking into the lens, relaxed natural expression. The whole head and all of the hair are visible, with clear space above the top of the head. Simple black crew-neck top, no jewellery, no hat, no glasses, no hands near the face. Same person and hairstyle in a side profile view (facing left, 90 degrees), whole head and hair visible. Professional beauty catalogue reference photo, photorealistic, shot on a full-frame camera with an 85 mm lens. Plain warm light-grey studio background, soft even front lighting, natural skin texture, true-to-life colours. No text, no watermark, no logo."
hair_men_crew_cut,Crew Cut,Hairstyle,men,back,1024x1536,hair_men_crew_cut-back.jpg,"Subject: a man in his 30s with medium olive skin and dark brown hair. Hairstyle: a crew cut: 2-3 cm on top, slightly longer at the front, tapered short on the sides and back, in the person's natural hair colour. Head and shoulders, centred, facing the camera and looking into the lens, relaxed natural expression. The whole head and all of the hair are visible, with clear space above the top of the head. Simple black crew-neck top, no jewellery, no hat, no glasses, no hands near the face. Same person and hairstyle seen from behind, showing the back and sides of the hairstyle, whole head visible. Professional beauty catalogue reference photo, photorealistic, shot on a full-frame camera with an 85 mm lens. Plain warm light-grey studio background, soft even front lighting, natural skin texture, true-to-life colours. No text, no watermark, no logo."
hair_men_french_crop,French Crop,Hairstyle,men,front,1024x1536,hair_men_french_crop-front.jpg,"Subject: a man in his 20s with tan skin and black hair. Hairstyle: a French crop: short faded sides, 3-4 cm textured top pushed forward into a short straight fringe, in the person's natural hair colour. Head and shoulders, centred, facing the camera and looking into the lens, relaxed natural expression. The whole head and all of the hair are visible, with clear space above the top of the head. Simple black crew-neck top, no jewellery, no hat, no glasses, no hands near the face. Professional beauty catalogue reference photo, photorealistic, shot on a full-frame camera with an 85 mm lens. Plain warm light-grey studio background, soft even front lighting, natural skin texture, true-to-life colours. No text, no watermark, no logo."
hair_men_french_crop,French Crop,Hairstyle,men,side,1024x1536,hair_men_french_crop-side.jpg,"Subject: a man in his 20s with tan skin and black hair. Hairstyle: a French crop: short faded sides, 3-4 cm textured top pushed forward into a short straight fringe, in the person's natural hair colour. Head and shoulders, centred, facing the camera and looking into the lens, relaxed natural expression. The whole head and all of the hair are visible, with clear space above the top of the head. Simple black crew-neck top, no jewellery, no hat, no glasses, no hands near the face. Same person and hairstyle in a side profile view (facing left, 90 degrees), whole head and hair visible. Professional beauty catalogue reference photo, photorealistic, shot on a full-frame camera with an 85 mm lens. Plain warm light-grey studio background, soft even front lighting, natural skin texture, true-to-life colours. No text, no watermark, no logo."
hair_men_french_crop,French Crop,Hairstyle,men,back,1024x1536,hair_men_french_crop-back.jpg,"Subject: a man in his 20s with tan skin and black hair. Hairstyle: a French crop: short faded sides, 3-4 cm textured top pushed forward into a short straight fringe, in the person's natural hair colour. Head and shoulders, centred, facing the camera and looking into the lens, relaxed natural expression. The whole head and all of the hair are visible, with clear space above the top of the head. Simple black crew-neck top, no jewellery, no hat, no glasses, no hands near the face. Same person and hairstyle seen from behind, showing the back and sides of the hairstyle, whole head visible. Professional beauty catalogue reference photo, photorealistic, shot on a full-frame camera with an 85 mm lens. Plain warm light-grey studio background, soft even front lighting, natural skin texture, true-to-life colours. No text, no watermark, no logo."
hair_men_textured_crop,Textured Crop,Hairstyle,men,front,1024x1536,hair_men_textured_crop-front.jpg,"Subject: a man in his 40s with fair skin and light brown hair, a few grey strands. Hairstyle: a textured crop: mid fade on the sides, 4 cm choppy, piecey texture on top with a matte finish, in the person's natural hair colour. Head and shoulders, centred, facing the camera and looking into the lens, relaxed natural expression. The whole head and all of the hair are visible, with clear space above the top of the head. Simple black crew-neck top, no jewellery, no hat, no glasses, no hands near the face. Professional beauty catalogue reference photo, photorealistic, shot on a full-frame camera with an 85 mm lens. Plain warm light-grey studio background, soft even front lighting, natural skin texture, true-to-life colours. No text, no watermark, no logo."
hair_men_textured_crop,Textured Crop,Hairstyle,men,side,1024x1536,hair_men_textured_crop-side.jpg,"Subject: a man in his 40s with fair skin and light brown hair, a few grey strands. Hairstyle: a textured crop: mid fade on the sides, 4 cm choppy, piecey texture on top with a matte finish, in the person's natural hair colour. Head and shoulders, centred, facing the camera and looking into the lens, relaxed natural expression. The whole head and all of the hair are visible, with clear space above the top of the head. Simple black crew-neck top, no jewellery, no hat, no glasses, no hands near the face. Same person and hairstyle in a side profile view (facing left, 90 degrees), whole head and hair visible. Professional beauty catalogue reference photo, photorealistic, shot on a full-frame camera with an 85 mm lens. Plain warm light-grey studio background, soft even front lighting, natural skin texture, true-to-life colours. No text, no watermark, no logo."
hair_men_textured_crop,Textured Crop,Hairstyle,men,back,1024x1536,hair_men_textured_crop-back.jpg,"Subject: a man in his 40s with fair skin and light brown hair, a few grey strands. Hairstyle: a textured crop: mid fade on the sides, 4 cm choppy, piecey texture on top with a matte finish, in the person's natural hair colour. Head and shoulders, centred, facing the camera and looking into the lens, relaxed natural expression. The whole head and all of the hair are visible, with clear space above the top of the head. Simple black crew-neck top, no jewellery, no hat, no glasses, no hands near the face. Same person and hairstyle seen from behind, showing the back and sides of the hairstyle, whole head visible. Professional beauty catalogue reference photo, photorealistic, shot on a full-frame camera with an 85 mm lens. Plain warm light-grey studio background, soft even front lighting, natural skin texture, true-to-life colours. No text, no watermark, no logo."
hair_men_caesar_cut,Caesar Cut,Hairstyle,men,front,1024x1536,hair_men_caesar_cut-front.jpg,"Subject: a man in his 30s with light-medium skin and dark blond hair. Hairstyle: a Caesar cut: hair 2-3 cm all over combed forward into a short, straight horizontal fringe, in the person's natural hair colour. Head and shoulders, centred, facing the camera and looking into the lens, relaxed natural expression. The whole head and all of the hair are visible, with clear space above the top of the head. Simple black crew-neck top, no jewellery, no hat, no glasses, no hands near the face. Professional beauty catalogue reference photo, photorealistic, shot on a full-frame camera with an 85 mm lens. Plain warm light-grey studio background, soft even front lighting, natural skin texture, true-to-life colours. No text, no watermark, no logo."
hair_men_caesar_cut,Caesar Cut,Hairstyle,men,side,1024x1536,hair_men_caesar_cut-side.jpg,"Subject: a man in his 30s with light-medium skin and dark blond hair. Hairstyle: a Caesar cut: hair 2-3 cm all over combed forward into a short, straight horizontal fringe, in the person's natural hair colour. Head and shoulders, centred, facing the camera and looking into the lens, relaxed natural expression. The whole head and all of the hair are visible, with clear space above the top of the head. Simple black crew-neck top, no jewellery, no hat, no glasses, no hands near the face. Same person and hairstyle in a side profile view (facing left, 90 degrees), whole head and hair visible. Professional beauty catalogue reference photo, photorealistic, shot on a full-frame camera with an 85 mm lens. Plain warm light-grey studio background, soft even front lighting, natural skin texture, true-to-life colours. No text, no watermark, no logo."
hair_men_caesar_cut,Caesar Cut,Hairstyle,men,back,1024x1536,hair_men_caesar_cut-back.jpg,"Subject: a man in his 30s with light-medium skin and dark blond hair. Hairstyle: a Caesar cut: hair 2-3 cm all over combed forward into a short, straight horizontal fringe, in the person's natural hair colour. Head and shoulders, centred, facing the camera and looking into the lens, relaxed natural expression. The whole head and all of the hair are visible, with clear space above the top of the head. Simple black crew-neck top, no jewellery, no hat, no glasses, no hands near the face. Same person and hairstyle seen from behind, showing the back and sides of the hairstyle, whole head visible. Professional beauty catalogue reference photo, photorealistic, shot on a full-frame camera with an 85 mm lens. Plain warm light-grey studio background, soft even front lighting, natural skin texture, true-to-life colours. No text, no watermark, no logo."
hair_men_ivy_league,Ivy League,Hairstyle,men,front,1024x1536,hair_men_ivy_league-front.jpg,"Subject: a man in his 30s with deep brown skin and black hair. Hairstyle: an Ivy League cut: short tapered sides, 4-5 cm on top at the front, neatly side-parted and swept, in the person's natural hair colour. Head and shoulders, centred, facing the camera and looking into the lens, relaxed natural expression. The whole head and all of the hair are visible, with clear space above the top of the head. Simple black crew-neck top, no jewellery, no hat, no glasses, no hands near the face. Professional beauty catalogue reference photo, photorealistic, shot on a full-frame camera with an 85 mm lens. Plain warm light-grey studio background, soft even front lighting, natural skin texture, true-to-life colours. No text, no watermark, no logo."
hair_men_ivy_league,Ivy League,Hairstyle,men,side,1024x1536,hair_men_ivy_league-side.jpg,"Subject: a man in his 30s with deep brown skin and black hair. Hairstyle: an Ivy League cut: short tapered sides, 4-5 cm on top at the front, neatly side-parted and swept, in the person's natural hair colour. Head and shoulders, centred, facing the camera and looking into the lens, relaxed natural expression. The whole head and all of the hair are visible, with clear space above the top of the head. Simple black crew-neck top, no jewellery, no hat, no glasses, no hands near the face. Same person and hairstyle in a side profile view (facing left, 90 degrees), whole head and hair visible. Professional beauty catalogue reference photo, photorealistic, shot on a full-frame camera with an 85 mm lens. Plain warm light-grey studio background, soft even front lighting, natural skin texture, true-to-life colours. No text, no watermark, no logo."
hair_men_ivy_league,Ivy League,Hairstyle,men,back,1024x1536,hair_men_ivy_league-back.jpg,"Subject: a man in his 30s with deep brown skin and black hair. Hairstyle: an Ivy League cut: short tapered sides, 4-5 cm on top at the front, neatly side-parted and swept, in the person's natural hair colour. Head and shoulders, centred, facing the camera and looking into the lens, relaxed natural expression. The whole head and all of the hair are visible, with clear space above the top of the head. Simple black crew-neck top, no jewellery, no hat, no glasses, no hands near the face. Same person and hairstyle seen from behind, showing the back and sides of the hairstyle, whole head visible. Professional beauty catalogue reference photo, photorealistic, shot on a full-frame camera with an 85 mm lens. Plain warm light-grey studio background, soft even front lighting, natural skin texture, true-to-life colours. No text, no watermark, no logo."
hair_men_classic_taper,Classic Taper,Hairstyle,men,front,1024x1536,hair_men_classic_taper-front.jpg,"Subject: a man in his late 20s with light skin and natural brown hair. Hairstyle: a classic taper: sides and back gradually shorter down to the neckline, 3-4 cm on top neatly combed, in the person's natural hair colour. Head and shoulders, centred, facing the camera and looking into the lens, relaxed natural expression. The whole head and all of the hair are visible, with clear space above the top of the head. Simple black crew-neck top, no jewellery, no hat, no glasses, no hands near the face. Professional beauty catalogue reference photo, photorealistic, shot on a full-frame camera with an 85 mm lens. Plain warm light-grey studio background, soft even front lighting, natural skin texture, true-to-life colours. No text, no watermark, no logo."
hair_men_classic_taper,Classic Taper,Hairstyle,men,side,1024x1536,hair_men_classic_taper-side.jpg,"Subject: a man in his late 20s with light skin and natural brown hair. Hairstyle: a classic taper: sides and back gradually shorter down to the neckline, 3-4 cm on top neatly combed, in the person's natural hair colour. Head and shoulders, centred, facing the camera and looking into the lens, relaxed natural expression. The whole head and all of the hair are visible, with clear space above the top of the head. Simple black crew-neck top, no jewellery, no hat, no glasses, no hands near the face. Same person and hairstyle in a side profile view (facing left, 90 degrees), whole head and hair visible. Professional beauty catalogue reference photo, photorealistic, shot on a full-frame camera with an 85 mm lens. Plain warm light-grey studio background, soft even front lighting, natural skin texture, true-to-life colours. No text, no watermark, no logo."
hair_men_classic_taper,Classic Taper,Hairstyle,men,back,1024x1536,hair_men_classic_taper-back.jpg,"Subject: a man in his late 20s with light skin and natural brown hair. Hairstyle: a classic taper: sides and back gradually shorter down to the neckline, 3-4 cm on top neatly combed, in the person's natural hair colour. Head and shoulders, centred, facing the camera and looking into the lens, relaxed natural expression. The whole head and all of the hair are visible, with clear space above the top of the head. Simple black crew-neck top, no jewellery, no hat, no glasses, no hands near the face. Same person and hairstyle seen from behind, showing the back and sides of the hairstyle, whole head visible. Professional beauty catalogue reference photo, photorealistic, shot on a full-frame camera with an 85 mm lens. Plain warm light-grey studio background, soft even front lighting, natural skin texture, true-to-life colours. No text, no watermark, no logo."
hair_men_low_taper_fade,Low Taper Fade,Hairstyle,men,front,1024x1536,hair_men_low_taper_fade-front.jpg,"Subject: a man in his 30s with medium olive skin and dark brown hair. Hairstyle: a low taper fade only around the sideburns and neckline, the rest of the hair kept at its length on top, in the person's natural hair colour. Head and shoulders, centred, facing the camera and looking into the lens, relaxed natural expression. The whole head and all of the hair are visible, with clear space above the top of the head. Simple black crew-neck top, no jewellery, no hat, no glasses, no hands near the face. Professional beauty catalogue reference photo, photorealistic, shot on a full-frame camera with an 85 mm lens. Plain warm light-grey studio background, soft even front lighting, natural skin texture, true-to-life colours. No text, no watermark, no logo."
hair_men_low_taper_fade,Low Taper Fade,Hairstyle,men,side,1024x1536,hair_men_low_taper_fade-side.jpg,"Subject: a man in his 30s with medium olive skin and dark brown hair. Hairstyle: a low taper fade only around the sideburns and neckline, the rest of the hair kept at its length on top, in the person's natural hair colour. Head and shoulders, centred, facing the camera and looking into the lens, relaxed natural expression. The whole head and all of the hair are visible, with clear space above the top of the head. Simple black crew-neck top, no jewellery, no hat, no glasses, no hands near the face. Same person and hairstyle in a side profile view (facing left, 90 degrees), whole head and hair visible. Professional beauty catalogue reference photo, photorealistic, shot on a full-frame camera with an 85 mm lens. Plain warm light-grey studio background, soft even front lighting, natural skin texture, true-to-life colours. No text, no watermark, no logo."
hair_men_low_taper_fade,Low Taper Fade,Hairstyle,men,back,1024x1536,hair_men_low_taper_fade-back.jpg,"Subject: a man in his 30s with medium olive skin and dark brown hair. Hairstyle: a low taper fade only around the sideburns and neckline, the rest of the hair kept at its length on top, in the person's natural hair colour. Head and shoulders, centred, facing the camera and looking into the lens, relaxed natural expression. The whole head and all of the hair are visible, with clear space above the top of the head. Simple black crew-neck top, no jewellery, no hat, no glasses, no hands near the face. Same person and hairstyle seen from behind, showing the back and sides of the hairstyle, whole head visible. Professional beauty catalogue reference photo, photorealistic, shot on a full-frame camera with an 85 mm lens. Plain warm light-grey studio background, soft even front lighting, natural skin texture, true-to-life colours. No text, no watermark, no logo."
hair_men_mid_fade,Mid Fade,Hairstyle,men,front,1024x1536,hair_men_mid_fade-front.jpg,"Subject: a man in his 20s with tan skin and black hair. Hairstyle: a mid fade starting halfway up the sides, blending into 4-5 cm on top, in the person's natural hair colour. Head and shoulders, centred, facing the camera and looking into the lens, relaxed natural expression. The whole head and all of the hair are visible, with clear space above the top of the head. Simple black crew-neck top, no jewellery, no hat, no glasses, no hands near the face. Professional beauty catalogue reference photo, photorealistic, shot on a full-frame camera with an 85 mm lens. Plain warm light-grey studio background, soft even front lighting, natural skin texture, true-to-life colours. No text, no watermark, no logo."
hair_men_mid_fade,Mid Fade,Hairstyle,men,side,1024x1536,hair_men_mid_fade-side.jpg,"Subject: a man in his 20s with tan skin and black hair. Hairstyle: a mid fade starting halfway up the sides, blending into 4-5 cm on top, in the person's natural hair colour. Head and shoulders, centred, facing the camera and looking into the lens, relaxed natural expression. The whole head and all of the hair are visible, with clear space above the top of the head. Simple black crew-neck top, no jewellery, no hat, no glasses, no hands near the face. Same person and hairstyle in a side profile view (facing left, 90 degrees), whole head and hair visible. Professional beauty catalogue reference photo, photorealistic, shot on a full-frame camera with an 85 mm lens. Plain warm light-grey studio background, soft even front lighting, natural skin texture, true-to-life colours. No text, no watermark, no logo."
hair_men_mid_fade,Mid Fade,Hairstyle,men,back,1024x1536,hair_men_mid_fade-back.jpg,"Subject: a man in his 20s with tan skin and black hair. Hairstyle: a mid fade starting halfway up the sides, blending into 4-5 cm on top, in the person's natural hair colour. Head and shoulders, centred, facing the camera and looking into the lens, relaxed natural expression. The whole head and all of the hair are visible, with clear space above the top of the head. Simple black crew-neck top, no jewellery, no hat, no glasses, no hands near the face. Same person and hairstyle seen from behind, showing the back and sides of the hairstyle, whole head visible. Professional beauty catalogue reference photo, photorealistic, shot on a full-frame camera with an 85 mm lens. Plain warm light-grey studio background, soft even front lighting, natural skin texture, true-to-life colours. No text, no watermark, no logo."
hair_men_high_fade,High Fade,Hairstyle,men,front,1024x1536,hair_men_high_fade-front.jpg,"Subject: a man in his 40s with fair skin and light brown hair, a few grey strands. Hairstyle: a high fade starting near the temples, with 3-5 cm of hair left on top, in the person's natural hair colour. Head and shoulders, centred, facing the camera and looking into the lens, relaxed natural expression. The whole head and all of the hair are visible, with clear space above the top of the head. Simple black crew-neck top, no jewellery, no hat, no glasses, no hands near the face. Professional beauty catalogue reference photo, photorealistic, shot on a full-frame camera with an 85 mm lens. Plain warm light-grey studio background, soft even front lighting, natural skin texture, true-to-life colours. No text, no watermark, no logo."
hair_men_high_fade,High Fade,Hairstyle,men,side,1024x1536,hair_men_high_fade-side.jpg,"Subject: a man in his 40s with fair skin and light brown hair, a few grey strands. Hairstyle: a high fade starting near the temples, with 3-5 cm of hair left on top, in the person's natural hair colour. Head and shoulders, centred, facing the camera and looking into the lens, relaxed natural expression. The whole head and all of the hair are visible, with clear space above the top of the head. Simple black crew-neck top, no jewellery, no hat, no glasses, no hands near the face. Same person and hairstyle in a side profile view (facing left, 90 degrees), whole head and hair visible. Professional beauty catalogue reference photo, photorealistic, shot on a full-frame camera with an 85 mm lens. Plain warm light-grey studio background, soft even front lighting, natural skin texture, true-to-life colours. No text, no watermark, no logo."
hair_men_high_fade,High Fade,Hairstyle,men,back,1024x1536,hair_men_high_fade-back.jpg,"Subject: a man in his 40s with fair skin and light brown hair, a few grey strands. Hairstyle: a high fade starting near the temples, with 3-5 cm of hair left on top, in the person's natural hair colour. Head and shoulders, centred, facing the camera and looking into the lens, relaxed natural expression. The whole head and all of the hair are visible, with clear space above the top of the head. Simple black crew-neck top, no jewellery, no hat, no glasses, no hands near the face. Same person and hairstyle seen from behind, showing the back and sides of the hairstyle, whole head visible. Professional beauty catalogue reference photo, photorealistic, shot on a full-frame camera with an 85 mm lens. Plain warm light-grey studio background, soft even front lighting, natural skin texture, true-to-life colours. No text, no watermark, no logo."
hair_men_skin_fade,Skin Fade,Hairstyle,men,front,1024x1536,hair_men_skin_fade-front.jpg,"Subject: a man in his 30s with light-medium skin and dark blond hair. Hairstyle: a skin fade: sides and back blended down to bare skin, 3-4 cm on top, in the person's natural hair colour. Head and shoulders, centred, facing the camera and looking into the lens, relaxed natural expression. The whole head and all of the hair are visible, with clear space above the top of the head. Simple black crew-neck top, no jewellery, no hat, no glasses, no hands near the face. Professional beauty catalogue reference photo, photorealistic, shot on a full-frame camera with an 85 mm lens. Plain warm light-grey studio background, soft even front lighting, natural skin texture, true-to-life colours. No text, no watermark, no logo."
hair_men_skin_fade,Skin Fade,Hairstyle,men,side,1024x1536,hair_men_skin_fade-side.jpg,"Subject: a man in his 30s with light-medium skin and dark blond hair. Hairstyle: a skin fade: sides and back blended down to bare skin, 3-4 cm on top, in the person's natural hair colour. Head and shoulders, centred, facing the camera and looking into the lens, relaxed natural expression. The whole head and all of the hair are visible, with clear space above the top of the head. Simple black crew-neck top, no jewellery, no hat, no glasses, no hands near the face. Same person and hairstyle in a side profile view (facing left, 90 degrees), whole head and hair visible. Professional beauty catalogue reference photo, photorealistic, shot on a full-frame camera with an 85 mm lens. Plain warm light-grey studio background, soft even front lighting, natural skin texture, true-to-life colours. No text, no watermark, no logo."
hair_men_skin_fade,Skin Fade,Hairstyle,men,back,1024x1536,hair_men_skin_fade-back.jpg,"Subject: a man in his 30s with light-medium skin and dark blond hair. Hairstyle: a skin fade: sides and back blended down to bare skin, 3-4 cm on top, in the person's natural hair colour. Head and shoulders, centred, facing the camera and looking into the lens, relaxed natural expression. The whole head and all of the hair are visible, with clear space above the top of the head. Simple black crew-neck top, no jewellery, no hat, no glasses, no hands near the face. Same person and hairstyle seen from behind, showing the back and sides of the hairstyle, whole head visible. Professional beauty catalogue reference photo, photorealistic, shot on a full-frame camera with an 85 mm lens. Plain warm light-grey studio background, soft even front lighting, natural skin texture, true-to-life colours. No text, no watermark, no logo."
hair_men_burst_fade,Burst Fade,Hairstyle,men,front,1024x1536,hair_men_burst_fade-front.jpg,"Subject: a man in his 30s with medium brown skin and naturally curly dark hair. Hairstyle: a burst fade curving in a semicircle around each ear, longer hair kept at the back and on top, in the person's natural hair colour. Head and shoulders, centred, facing the camera and looking into the lens, relaxed natural expression. The whole head and all of the hair are visible, with clear space above the top of the head. Simple black crew-neck top, no jewellery, no hat, no glasses, no hands near the face. Professional beauty catalogue reference photo, photorealistic, shot on a full-frame camera with an 85 mm lens. Plain warm light-grey studio background, soft even front lighting, natural skin texture, true-to-life colours. No text, no watermark, no logo."
hair_men_burst_fade,Burst Fade,Hairstyle,men,side,1024x1536,hair_men_burst_fade-side.jpg,"Subject: a man in his 30s with medium brown skin and naturally curly dark hair. Hairstyle: a burst fade curving in a semicircle around each ear, longer hair kept at the back and on top, in the person's natural hair colour. Head and shoulders, centred, facing the camera and looking into the lens, relaxed natural expression. The whole head and all of the hair are visible, with clear space above the top of the head. Simple black crew-neck top, no jewellery, no hat, no glasses, no hands near the face. Same person and hairstyle in a side profile view (facing left, 90 degrees), whole head and hair visible. Professional beauty catalogue reference photo, photorealistic, shot on a full-frame camera with an 85 mm lens. Plain warm light-grey studio background, soft even front lighting, natural skin texture, true-to-life colours. No text, no watermark, no logo."
hair_men_burst_fade,Burst Fade,Hairstyle,men,back,1024x1536,hair_men_burst_fade-back.jpg,"Subject: a man in his 30s with medium brown skin and naturally curly dark hair. Hairstyle: a burst fade curving in a semicircle around each ear, longer hair kept at the back and on top, in the person's natural hair colour. Head and shoulders, centred, facing the camera and looking into the lens, relaxed natural expression. The whole head and all of the hair are visible, with clear space above the top of the head. Simple black crew-neck top, no jewellery, no hat, no glasses, no hands near the face. Same person and hairstyle seen from behind, showing the back and sides of the hairstyle, whole head visible. Professional beauty catalogue reference photo, photorealistic, shot on a full-frame camera with an 85 mm lens. Plain warm light-grey studio background, soft even front lighting, natural skin texture, true-to-life colours. No text, no watermark, no logo."
hair_men_temple_fade,Temple Fade,Hairstyle,men,front,1024x1536,hair_men_temple_fade-front.jpg,"Subject: a man in his late 20s with light skin and natural brown hair. Hairstyle: a temple fade: a tight taper only at the temples with a crisp hairline, the rest of the cut unchanged, in the person's natural hair colour. Head and shoulders, centred, facing the camera and looking into the lens, relaxed natural expression. The whole head and all of the hair are visible, with clear space above the top of the head. Simple black crew-neck top, no jewellery, no hat, no glasses, no hands near the face. Professional beauty catalogue reference photo, photorealistic, shot on a full-frame camera with an 85 mm lens. Plain warm light-grey studio background, soft even front lighting, natural skin texture, true-to-life colours. No text, no watermark, no logo."
hair_men_temple_fade,Temple Fade,Hairstyle,men,side,1024x1536,hair_men_temple_fade-side.jpg,"Subject: a man in his late 20s with light skin and natural brown hair. Hairstyle: a temple fade: a tight taper only at the temples with a crisp hairline, the rest of the cut unchanged, in the person's natural hair colour. Head and shoulders, centred, facing the camera and looking into the lens, relaxed natural expression. The whole head and all of the hair are visible, with clear space above the top of the head. Simple black crew-neck top, no jewellery, no hat, no glasses, no hands near the face. Same person and hairstyle in a side profile view (facing left, 90 degrees), whole head and hair visible. Professional beauty catalogue reference photo, photorealistic, shot on a full-frame camera with an 85 mm lens. Plain warm light-grey studio background, soft even front lighting, natural skin texture, true-to-life colours. No text, no watermark, no logo."
hair_men_temple_fade,Temple Fade,Hairstyle,men,back,1024x1536,hair_men_temple_fade-back.jpg,"Subject: a man in his late 20s with light skin and natural brown hair. Hairstyle: a temple fade: a tight taper only at the temples with a crisp hairline, the rest of the cut unchanged, in the person's natural hair colour. Head and shoulders, centred, facing the camera and looking into the lens, relaxed natural expression. The whole head and all of the hair are visible, with clear space above the top of the head. Simple black crew-neck top, no jewellery, no hat, no glasses, no hands near the face. Same person and hairstyle seen from behind, showing the back and sides of the hairstyle, whole head visible. Professional beauty catalogue reference photo, photorealistic, shot on a full-frame camera with an 85 mm lens. Plain warm light-grey studio background, soft even front lighting, natural skin texture, true-to-life colours. No text, no watermark, no logo."
hair_men_classic_side_part,Classic Side Part,Hairstyle,men,front,1024x1536,hair_men_classic_side_part-front.jpg,"Subject: a man in his 30s with medium olive skin and dark brown hair. Hairstyle: a classic side part: tapered sides, 5-6 cm on top combed to one side from a clean, defined part, in the person's natural hair colour. Head and shoulders, centred, facing the camera and looking into the lens, relaxed natural expression. The whole head and all of the hair are visible, with clear space above the top of the head. Simple black crew-neck top, no jewellery, no hat, no glasses, no hands near the face. Professional beauty catalogue reference photo, photorealistic, shot on a full-frame camera with an 85 mm lens. Plain warm light-grey studio background, soft even front lighting, natural skin texture, true-to-life colours. No text, no watermark, no logo."
hair_men_classic_side_part,Classic Side Part,Hairstyle,men,side,1024x1536,hair_men_classic_side_part-side.jpg,"Subject: a man in his 30s with medium olive skin and dark brown hair. Hairstyle: a classic side part: tapered sides, 5-6 cm on top combed to one side from a clean, defined part, in the person's natural hair colour. Head and shoulders, centred, facing the camera and looking into the lens, relaxed natural expression. The whole head and all of the hair are visible, with clear space above the top of the head. Simple black crew-neck top, no jewellery, no hat, no glasses, no hands near the face. Same person and hairstyle in a side profile view (facing left, 90 degrees), whole head and hair visible. Professional beauty catalogue reference photo, photorealistic, shot on a full-frame camera with an 85 mm lens. Plain warm light-grey studio background, soft even front lighting, natural skin texture, true-to-life colours. No text, no watermark, no logo."
hair_men_classic_side_part,Classic Side Part,Hairstyle,men,back,1024x1536,hair_men_classic_side_part-back.jpg,"Subject: a man in his 30s with medium olive skin and dark brown hair. Hairstyle: a classic side part: tapered sides, 5-6 cm on top combed to one side from a clean, defined part, in the person's natural hair colour. Head and shoulders, centred, facing the camera and looking into the lens, relaxed natural expression. The whole head and all of the hair are visible, with clear space above the top of the head. Simple black crew-neck top, no jewellery, no hat, no glasses, no hands near the face. Same person and hairstyle seen from behind, showing the back and sides of the hairstyle, whole head visible. Professional beauty catalogue reference photo, photorealistic, shot on a full-frame camera with an 85 mm lens. Plain warm light-grey studio background, soft even front lighting, natural skin texture, true-to-life colours. No text, no watermark, no logo."
hair_men_comb_over,Comb Over,Hairstyle,men,front,1024x1536,hair_men_comb_over-front.jpg,"Subject: a man in his 20s with tan skin and black hair. Hairstyle: a comb over: short sides, longer top combed across from a low side part with a smooth finish, in the person's natural hair colour. Head and shoulders, centred, facing the camera and looking into the lens, relaxed natural expression. The whole head and all of the hair are visible, with clear space above the top of the head. Simple black crew-neck top, no jewellery, no hat, no glasses, no hands near the face. Professional beauty catalogue reference photo, photorealistic, shot on a full-frame camera with an 85 mm lens. Plain warm light-grey studio background, soft even front lighting, natural skin texture, true-to-life colours. No text, no watermark, no logo."
hair_men_comb_over,Comb Over,Hairstyle,men,side,1024x1536,hair_men_comb_over-side.jpg,"Subject: a man in his 20s with tan skin and black hair. Hairstyle: a comb over: short sides, longer top combed across from a low side part with a smooth finish, in the person's natural hair colour. Head and shoulders, centred, facing the camera and looking into the lens, relaxed natural expression. The whole head and all of the hair are visible, with clear space above the top of the head. Simple black crew-neck top, no jewellery, no hat, no glasses, no hands near the face. Same person and hairstyle in a side profile view (facing left, 90 degrees), whole head and hair visible. Professional beauty catalogue reference photo, photorealistic, shot on a full-frame camera with an 85 mm lens. Plain warm light-grey studio background, soft even front lighting, natural skin texture, true-to-life colours. No text, no watermark, no logo."
hair_men_comb_over,Comb Over,Hairstyle,men,back,1024x1536,hair_men_comb_over-back.jpg,"Subject: a man in his 20s with tan skin and black hair. Hairstyle: a comb over: short sides, longer top combed across from a low side part with a smooth finish, in the person's natural hair colour. Head and shoulders, centred, facing the camera and looking into the lens, relaxed natural expression. The whole head and all of the hair are visible, with clear space above the top of the head. Simple black crew-neck top, no jewellery, no hat, no glasses, no hands near the face. Same person and hairstyle seen from behind, showing the back and sides of the hairstyle, whole head visible. Professional beauty catalogue reference photo, photorealistic, shot on a full-frame camera with an 85 mm lens. Plain warm light-grey studio background, soft even front lighting, natural skin texture, true-to-life colours. No text, no watermark, no logo."
hair_men_textured_quiff,Textured Quiff,Hairstyle,men,front,1024x1536,hair_men_textured_quiff-front.jpg,"Subject: a man in his 40s with fair skin and light brown hair, a few grey strands. Hairstyle: a textured quiff: short sides, 6-8 cm on top with the front lifted up and back with loose, matte texture, in the person's natural hair colour. Head and shoulders, centred, facing the camera and looking into the lens, relaxed natural expression. The whole head and all of the hair are visible, with clear space above the top of the head. Simple black crew-neck top, no jewellery, no hat, no glasses, no hands near the face. Professional beauty catalogue reference photo, photorealistic, shot on a full-frame camera with an 85 mm lens. Plain warm light-grey studio background, soft even front lighting, natural skin texture, true-to-life colours. No text, no watermark, no logo."
hair_men_textured_quiff,Textured Quiff,Hairstyle,men,side,1024x1536,hair_men_textured_quiff-side.jpg,"Subject: a man in his 40s with fair skin and light brown hair, a few grey strands. Hairstyle: a textured quiff: short sides, 6-8 cm on top with the front lifted up and back with loose, matte texture, in the person's natural hair colour. Head and shoulders, centred, facing the camera and looking into the lens, relaxed natural expression. The whole head and all of the hair are visible, with clear space above the top of the head. Simple black crew-neck top, no jewellery, no hat, no glasses, no hands near the face. Same person and hairstyle in a side profile view (facing left, 90 degrees), whole head and hair visible. Professional beauty catalogue reference photo, photorealistic, shot on a full-frame camera with an 85 mm lens. Plain warm light-grey studio background, soft even front lighting, natural skin texture, true-to-life colours. No text, no watermark, no logo."
hair_men_textured_quiff,Textured Quiff,Hairstyle,men,back,1024x1536,hair_men_textured_quiff-back.jpg,"Subject: a man in his 40s with fair skin and light brown hair, a few grey strands. Hairstyle: a textured quiff: short sides, 6-8 cm on top with the front lifted up and back with loose, matte texture, in the person's natural hair colour. Head and shoulders, centred, facing the camera and looking into the lens, relaxed natural expression. The whole head and all of the hair are visible, with clear space above the top of the head. Simple black crew-neck top, no jewellery, no hat, no glasses, no hands near the face. Same person and hairstyle seen from behind, showing the back and sides of the hairstyle, whole head visible. Professional beauty catalogue reference photo, photorealistic, shot on a full-frame camera with an 85 mm lens. Plain warm light-grey studio background, soft even front lighting, natural skin texture, true-to-life colours. No text, no watermark, no logo."
hair_men_classic_quiff,Classic Quiff,Hairstyle,men,front,1024x1536,hair_men_classic_quiff-front.jpg,"Subject: a man in his 30s with light-medium skin and dark blond hair. Hairstyle: a classic quiff: tapered sides, the front 7-9 cm brushed up and back into smooth, structured height, in the person's natural hair colour. Head and shoulders, centred, facing the camera and looking into the lens, relaxed natural expression. The whole head and all of the hair are visible, with clear space above the top of the head. Simple black crew-neck top, no jewellery, no hat, no glasses, no hands near the face. Professional beauty catalogue reference photo, photorealistic, shot on a full-frame camera with an 85 mm lens. Plain warm light-grey studio background, soft even front lighting, natural skin texture, true-to-life colours. No text, no watermark, no logo."
hair_men_classic_quiff,Classic Quiff,Hairstyle,men,side,1024x1536,hair_men_classic_quiff-side.jpg,"Subject: a man in his 30s with light-medium skin and dark blond hair. Hairstyle: a classic quiff: tapered sides, the front 7-9 cm brushed up and back into smooth, structured height, in the person's natural hair colour. Head and shoulders, centred, facing the camera and looking into the lens, relaxed natural expression. The whole head and all of the hair are visible, with clear space above the top of the head. Simple black crew-neck top, no jewellery, no hat, no glasses, no hands near the face. Same person and hairstyle in a side profile view (facing left, 90 degrees), whole head and hair visible. Professional beauty catalogue reference photo, photorealistic, shot on a full-frame camera with an 85 mm lens. Plain warm light-grey studio background, soft even front lighting, natural skin texture, true-to-life colours. No text, no watermark, no logo."
hair_men_classic_quiff,Classic Quiff,Hairstyle,men,back,1024x1536,hair_men_classic_quiff-back.jpg,"Subject: a man in his 30s with light-medium skin and dark blond hair. Hairstyle: a classic quiff: tapered sides, the front 7-9 cm brushed up and back into smooth, structured height, in the person's natural hair colour. Head and shoulders, centred, facing the camera and looking into the lens, relaxed natural expression. The whole head and all of the hair are visible, with clear space above the top of the head. Simple black crew-neck top, no jewellery, no hat, no glasses, no hands near the face. Same person and hairstyle seen from behind, showing the back and sides of the hairstyle, whole head visible. Professional beauty catalogue reference photo, photorealistic, shot on a full-frame camera with an 85 mm lens. Plain warm light-grey studio background, soft even front lighting, natural skin texture, true-to-life colours. No text, no watermark, no logo."
hair_men_pompadour,Pompadour,Hairstyle,men,front,1024x1536,hair_men_pompadour-front.jpg,"Subject: a man in his 30s with deep brown skin and black hair. Hairstyle: a pompadour: short sides, long top swept upward and backward into a high, glossy roll at the front, in the person's natural hair colour. Head and shoulders, centred, facing the camera and looking into the lens, relaxed natural expression. The whole head and all of the hair are visible, with clear space above the top of the head. Simple black crew-neck top, no jewellery, no hat, no glasses, no hands near the face. Professional beauty catalogue reference photo, photorealistic, shot on a full-frame camera with an 85 mm lens. Plain warm light-grey studio background, soft even front lighting, natural skin texture, true-to-life colours. No text, no watermark, no logo."
hair_men_pompadour,Pompadour,Hairstyle,men,side,1024x1536,hair_men_pompadour-side.jpg,"Subject: a man in his 30s with deep brown skin and black hair. Hairstyle: a pompadour: short sides, long top swept upward and backward into a high, glossy roll at the front, in the person's natural hair colour. Head and shoulders, centred, facing the camera and looking into the lens, relaxed natural expression. The whole head and all of the hair are visible, with clear space above the top of the head. Simple black crew-neck top, no jewellery, no hat, no glasses, no hands near the face. Same person and hairstyle in a side profile view (facing left, 90 degrees), whole head and hair visible. Professional beauty catalogue reference photo, photorealistic, shot on a full-frame camera with an 85 mm lens. Plain warm light-grey studio background, soft even front lighting, natural skin texture, true-to-life colours. No text, no watermark, no logo."
hair_men_pompadour,Pompadour,Hairstyle,men,back,1024x1536,hair_men_pompadour-back.jpg,"Subject: a man in his 30s with deep brown skin and black hair. Hairstyle: a pompadour: short sides, long top swept upward and backward into a high, glossy roll at the front, in the person's natural hair colour. Head and shoulders, centred, facing the camera and looking into the lens, relaxed natural expression. The whole head and all of the hair are visible, with clear space above the top of the head. Simple black crew-neck top, no jewellery, no hat, no glasses, no hands near the face. Same person and hairstyle seen from behind, showing the back and sides of the hairstyle, whole head visible. Professional beauty catalogue reference photo, photorealistic, shot on a full-frame camera with an 85 mm lens. Plain warm light-grey studio background, soft even front lighting, natural skin texture, true-to-life colours. No text, no watermark, no logo."
hair_men_slicked_back,Slicked Back,Hairstyle,men,front,1024x1536,hair_men_slicked_back-front.jpg,"Subject: a man in his late 20s with light skin and natural brown hair. Hairstyle: slicked-back hair: 8-10 cm on top combed straight back with a smooth, light-shine finish, tidy sides, in the person's natural hair colour. Head and shoulders, centred, facing the camera and looking into the lens, relaxed natural expression. The whole head and all of the hair are visible, with clear space above the top of the head. Simple black crew-neck top, no jewellery, no hat, no glasses, no hands near the face. Professional beauty catalogue reference photo, photorealistic, shot on a full-frame camera with an 85 mm lens. Plain warm light-grey studio background, soft even front lighting, natural skin texture, true-to-life colours. No text, no watermark, no logo."
hair_men_slicked_back,Slicked Back,Hairstyle,men,side,1024x1536,hair_men_slicked_back-side.jpg,"Subject: a man in his late 20s with light skin and natural brown hair. Hairstyle: slicked-back hair: 8-10 cm on top combed straight back with a smooth, light-shine finish, tidy sides, in the person's natural hair colour. Head and shoulders, centred, facing the camera and looking into the lens, relaxed natural expression. The whole head and all of the hair are visible, with clear space above the top of the head. Simple black crew-neck top, no jewellery, no hat, no glasses, no hands near the face. Same person and hairstyle in a side profile view (facing left, 90 degrees), whole head and hair visible. Professional beauty catalogue reference photo, photorealistic, shot on a full-frame camera with an 85 mm lens. Plain warm light-grey studio background, soft even front lighting, natural skin texture, true-to-life colours. No text, no watermark, no logo."
hair_men_slicked_back,Slicked Back,Hairstyle,men,back,1024x1536,hair_men_slicked_back-back.jpg,"Subject: a man in his late 20s with light skin and natural brown hair. Hairstyle: slicked-back hair: 8-10 cm on top combed straight back with a smooth, light-shine finish, tidy sides, in the person's natural hair colour. Head and shoulders, centred, facing the camera and looking into the lens, relaxed natural expression. The whole head and all of the hair are visible, with clear space above the top of the head. Simple black crew-neck top, no jewellery, no hat, no glasses, no hands near the face. Same person and hairstyle seen from behind, showing the back and sides of the hairstyle, whole head visible. Professional beauty catalogue reference photo, photorealistic, shot on a full-frame camera with an 85 mm lens. Plain warm light-grey studio background, soft even front lighting, natural skin texture, true-to-life colours. No text, no watermark, no logo."
hair_men_curtains,Curtains,Hairstyle,men,front,1024x1536,hair_men_curtains-front.jpg,"Subject: a man in his 30s with medium olive skin and dark brown hair. Hairstyle: curtains: medium-length hair parted in the centre, falling to either side of the forehead to the cheekbones, in the person's natural hair colour. Head and shoulders, centred, facing the camera and looking into the lens, relaxed natural expression. The whole head and all of the hair are visible, with clear space above the top of the head. Simple black crew-neck top, no jewellery, no hat, no glasses, no hands near the face. Professional beauty catalogue reference photo, photorealistic, shot on a full-frame camera with an 85 mm lens. Plain warm light-grey studio background, soft even front lighting, natural skin texture, true-to-life colours. No text, no watermark, no logo."
hair_men_curtains,Curtains,Hairstyle,men,side,1024x1536,hair_men_curtains-side.jpg,"Subject: a man in his 30s with medium olive skin and dark brown hair. Hairstyle: curtains: medium-length hair parted in the centre, falling to either side of the forehead to the cheekbones, in the person's natural hair colour. Head and shoulders, centred, facing the camera and looking into the lens, relaxed natural expression. The whole head and all of the hair are visible, with clear space above the top of the head. Simple black crew-neck top, no jewellery, no hat, no glasses, no hands near the face. Same person and hairstyle in a side profile view (facing left, 90 degrees), whole head and hair visible. Professional beauty catalogue reference photo, photorealistic, shot on a full-frame camera with an 85 mm lens. Plain warm light-grey studio background, soft even front lighting, natural skin texture, true-to-life colours. No text, no watermark, no logo."
hair_men_curtains,Curtains,Hairstyle,men,back,1024x1536,hair_men_curtains-back.jpg,"Subject: a man in his 30s with medium olive skin and dark brown hair. Hairstyle: curtains: medium-length hair parted in the centre, falling to either side of the forehead to the cheekbones, in the person's natural hair colour. Head and shoulders, centred, facing the camera and looking into the lens, relaxed natural expression. The whole head and all of the hair are visible, with clear space above the top of the head. Simple black crew-neck top, no jewellery, no hat, no glasses, no hands near the face. Same person and hairstyle seen from behind, showing the back and sides of the hairstyle, whole head visible. Professional beauty catalogue reference photo, photorealistic, shot on a full-frame camera with an 85 mm lens. Plain warm light-grey studio background, soft even front lighting, natural skin texture, true-to-life colours. No text, no watermark, no logo."
hair_men_medium_layered_cut,Medium Layered Cut,Hairstyle,men,front,1024x1536,hair_men_medium_layered_cut-front.jpg,"Subject: a man in his 20s with tan skin and black hair. Hairstyle: a medium layered cut: hair to the ears and collar with soft layers for movement and a natural finish, in the person's natural hair colour. Head and shoulders, centred, facing the camera and looking into the lens, relaxed natural expression. The whole head and all of the hair are visible, with clear space above the top of the head. Simple black crew-neck top, no jewellery, no hat, no glasses, no hands near the face. Professional beauty catalogue reference photo, photorealistic, shot on a full-frame camera with an 85 mm lens. Plain warm light-grey studio background, soft even front lighting, natural skin texture, true-to-life colours. No text, no watermark, no logo."
hair_men_medium_layered_cut,Medium Layered Cut,Hairstyle,men,side,1024x1536,hair_men_medium_layered_cut-side.jpg,"Subject: a man in his 20s with tan skin and black hair. Hairstyle: a medium layered cut: hair to the ears and collar with soft layers for movement and a natural finish, in the person's natural hair colour. Head and shoulders, centred, facing the camera and looking into the lens, relaxed natural expression. The whole head and all of the hair are visible, with clear space above the top of the head. Simple black crew-neck top, no jewellery, no hat, no glasses, no hands near the face. Same person and hairstyle in a side profile view (facing left, 90 degrees), whole head and hair visible. Professional beauty catalogue reference photo, photorealistic, shot on a full-frame camera with an 85 mm lens. Plain warm light-grey studio background, soft even front lighting, natural skin texture, true-to-life colours. No text, no watermark, no logo."
hair_men_medium_layered_cut,Medium Layered Cut,Hairstyle,men,back,1024x1536,hair_men_medium_layered_cut-back.jpg,"Subject: a man in his 20s with tan skin and black hair. Hairstyle: a medium layered cut: hair to the ears and collar with soft layers for movement and a natural finish, in the person's natural hair colour. Head and shoulders, centred, facing the camera and looking into the lens, relaxed natural expression. The whole head and all of the hair are visible, with clear space above the top of the head. Simple black crew-neck top, no jewellery, no hat, no glasses, no hands near the face. Same person and hairstyle seen from behind, showing the back and sides of the hairstyle, whole head visible. Professional beauty catalogue reference photo, photorealistic, shot on a full-frame camera with an 85 mm lens. Plain warm light-grey studio background, soft even front lighting, natural skin texture, true-to-life colours. No text, no watermark, no logo."
hair_men_wavy_fringe,Wavy Fringe,Hairstyle,men,front,1024x1536,hair_men_wavy_fringe-front.jpg,"Subject: a man in his 30s with medium brown skin and naturally curly dark hair. Hairstyle: a wavy fringe: tapered sides, longer wavy top pushed forward into a loose fringe, in the person's natural hair colour. Head and shoulders, centred, facing the camera and looking into the lens, relaxed natural expression. The whole head and all of the hair are visible, with clear space above the top of the head. Simple black crew-neck top, no jewellery, no hat, no glasses, no hands near the face. Professional beauty catalogue reference photo, photorealistic, shot on a full-frame camera with an 85 mm lens. Plain warm light-grey studio background, soft even front lighting, natural skin texture, true-to-life colours. No text, no watermark, no logo."
hair_men_wavy_fringe,Wavy Fringe,Hairstyle,men,side,1024x1536,hair_men_wavy_fringe-side.jpg,"Subject: a man in his 30s with medium brown skin and naturally curly dark hair. Hairstyle: a wavy fringe: tapered sides, longer wavy top pushed forward into a loose fringe, in the person's natural hair colour. Head and shoulders, centred, facing the camera and looking into the lens, relaxed natural expression. The whole head and all of the hair are visible, with clear space above the top of the head. Simple black crew-neck top, no jewellery, no hat, no glasses, no hands near the face. Same person and hairstyle in a side profile view (facing left, 90 degrees), whole head and hair visible. Professional beauty catalogue reference photo, photorealistic, shot on a full-frame camera with an 85 mm lens. Plain warm light-grey studio background, soft even front lighting, natural skin texture, true-to-life colours. No text, no watermark, no logo."
hair_men_wavy_fringe,Wavy Fringe,Hairstyle,men,back,1024x1536,hair_men_wavy_fringe-back.jpg,"Subject: a man in his 30s with medium brown skin and naturally curly dark hair. Hairstyle: a wavy fringe: tapered sides, longer wavy top pushed forward into a loose fringe, in the person's natural hair colour. Head and shoulders, centred, facing the camera and looking into the lens, relaxed natural expression. The whole head and all of the hair are visible, with clear space above the top of the head. Simple black crew-neck top, no jewellery, no hat, no glasses, no hands near the face. Same person and hairstyle seen from behind, showing the back and sides of the hairstyle, whole head visible. Professional beauty catalogue reference photo, photorealistic, shot on a full-frame camera with an 85 mm lens. Plain warm light-grey studio background, soft even front lighting, natural skin texture, true-to-life colours. No text, no watermark, no logo."
hair_men_natural_curls,Natural Curls,Hairstyle,men,front,1024x1536,hair_men_natural_curls-front.jpg,"Subject: a man in his 20s with deep brown skin and naturally coily black hair. Hairstyle: natural curls: curly hair shaped evenly with defined curls and natural volume, tidy around the ears, in the person's natural hair colour. Head and shoulders, centred, facing the camera and looking into the lens, relaxed natural expression. The whole head and all of the hair are visible, with clear space above the top of the head. Simple black crew-neck top, no jewellery, no hat, no glasses, no hands near the face. Professional beauty catalogue reference photo, photorealistic, shot on a full-frame camera with an 85 mm lens. Plain warm light-grey studio background, soft even front lighting, natural skin texture, true-to-life colours. No text, no watermark, no logo."
hair_men_natural_curls,Natural Curls,Hairstyle,men,side,1024x1536,hair_men_natural_curls-side.jpg,"Subject: a man in his 20s with deep brown skin and naturally coily black hair. Hairstyle: natural curls: curly hair shaped evenly with defined curls and natural volume, tidy around the ears, in the person's natural hair colour. Head and shoulders, centred, facing the camera and looking into the lens, relaxed natural expression. The whole head and all of the hair are visible, with clear space above the top of the head. Simple black crew-neck top, no jewellery, no hat, no glasses, no hands near the face. Same person and hairstyle in a side profile view (facing left, 90 degrees), whole head and hair visible. Professional beauty catalogue reference photo, photorealistic, shot on a full-frame camera with an 85 mm lens. Plain warm light-grey studio background, soft even front lighting, natural skin texture, true-to-life colours. No text, no watermark, no logo."
hair_men_natural_curls,Natural Curls,Hairstyle,men,back,1024x1536,hair_men_natural_curls-back.jpg,"Subject: a man in his 20s with deep brown skin and naturally coily black hair. Hairstyle: natural curls: curly hair shaped evenly with defined curls and natural volume, tidy around the ears, in the person's natural hair colour. Head and shoulders, centred, facing the camera and looking into the lens, relaxed natural expression. The whole head and all of the hair are visible, with clear space above the top of the head. Simple black crew-neck top, no jewellery, no hat, no glasses, no hands near the face. Same person and hairstyle seen from behind, showing the back and sides of the hairstyle, whole head visible. Professional beauty catalogue reference photo, photorealistic, shot on a full-frame camera with an 85 mm lens. Plain warm light-grey studio background, soft even front lighting, natural skin texture, true-to-life colours. No text, no watermark, no logo."
hair_men_curly_top_fade,Curly Top Fade,Hairstyle,men,front,1024x1536,hair_men_curly_top_fade-front.jpg,"Subject: a man in his 30s with medium brown skin and naturally curly dark hair. Hairstyle: a curly top fade: tight fade on the sides with 5-6 cm of defined curls on top, in the person's natural hair colour. Head and shoulders, centred, facing the camera and looking into the lens, relaxed natural expression. The whole head and all of the hair are visible, with clear space above the top of the head. Simple black crew-neck top, no jewellery, no hat, no glasses, no hands near the face. Professional beauty catalogue reference photo, photorealistic, shot on a full-frame camera with an 85 mm lens. Plain warm light-grey studio background, soft even front lighting, natural skin texture, true-to-life colours. No text, no watermark, no logo."
hair_men_curly_top_fade,Curly Top Fade,Hairstyle,men,side,1024x1536,hair_men_curly_top_fade-side.jpg,"Subject: a man in his 30s with medium brown skin and naturally curly dark hair. Hairstyle: a curly top fade: tight fade on the sides with 5-6 cm of defined curls on top, in the person's natural hair colour. Head and shoulders, centred, facing the camera and looking into the lens, relaxed natural expression. The whole head and all of the hair are visible, with clear space above the top of the head. Simple black crew-neck top, no jewellery, no hat, no glasses, no hands near the face. Same person and hairstyle in a side profile view (facing left, 90 degrees), whole head and hair visible. Professional beauty catalogue reference photo, photorealistic, shot on a full-frame camera with an 85 mm lens. Plain warm light-grey studio background, soft even front lighting, natural skin texture, true-to-life colours. No text, no watermark, no logo."
hair_men_curly_top_fade,Curly Top Fade,Hairstyle,men,back,1024x1536,hair_men_curly_top_fade-back.jpg,"Subject: a man in his 30s with medium brown skin and naturally curly dark hair. Hairstyle: a curly top fade: tight fade on the sides with 5-6 cm of defined curls on top, in the person's natural hair colour. Head and shoulders, centred, facing the camera and looking into the lens, relaxed natural expression. The whole head and all of the hair are visible, with clear space above the top of the head. Simple black crew-neck top, no jewellery, no hat, no glasses, no hands near the face. Same person and hairstyle seen from behind, showing the back and sides of the hairstyle, whole head visible. Professional beauty catalogue reference photo, photorealistic, shot on a full-frame camera with an 85 mm lens. Plain warm light-grey studio background, soft even front lighting, natural skin texture, true-to-life colours. No text, no watermark, no logo."
hair_men_undercut,Undercut,Hairstyle,men,front,1024x1536,hair_men_undercut-front.jpg,"Subject: a man in his late 20s with light skin and natural brown hair. Hairstyle: an undercut: sides and back clipped short with no blending, 8-10 cm on top styled back, in the person's natural hair colour. Head and shoulders, centred, facing the camera and looking into the lens, relaxed natural expression. The whole head and all of the hair are visible, with clear space above the top of the head. Simple black crew-neck top, no jewellery, no hat, no glasses, no hands near the face. Professional beauty catalogue reference photo, photorealistic, shot on a full-frame camera with an 85 mm lens. Plain warm light-grey studio background, soft even front lighting, natural skin texture, true-to-life colours. No text, no watermark, no logo."
hair_men_undercut,Undercut,Hairstyle,men,side,1024x1536,hair_men_undercut-side.jpg,"Subject: a man in his late 20s with light skin and natural brown hair. Hairstyle: an undercut: sides and back clipped short with no blending, 8-10 cm on top styled back, in the person's natural hair colour. Head and shoulders, centred, facing the camera and looking into the lens, relaxed natural expression. The whole head and all of the hair are visible, with clear space above the top of the head. Simple black crew-neck top, no jewellery, no hat, no glasses, no hands near the face. Same person and hairstyle in a side profile view (facing left, 90 degrees), whole head and hair visible. Professional beauty catalogue reference photo, photorealistic, shot on a full-frame camera with an 85 mm lens. Plain warm light-grey studio background, soft even front lighting, natural skin texture, true-to-life colours. No text, no watermark, no logo."
hair_men_undercut,Undercut,Hairstyle,men,back,1024x1536,hair_men_undercut-back.jpg,"Subject: a man in his late 20s with light skin and natural brown hair. Hairstyle: an undercut: sides and back clipped short with no blending, 8-10 cm on top styled back, in the person's natural hair colour. Head and shoulders, centred, facing the camera and looking into the lens, relaxed natural expression. The whole head and all of the hair are visible, with clear space above the top of the head. Simple black crew-neck top, no jewellery, no hat, no glasses, no hands near the face. Same person and hairstyle seen from behind, showing the back and sides of the hairstyle, whole head visible. Professional beauty catalogue reference photo, photorealistic, shot on a full-frame camera with an 85 mm lens. Plain warm light-grey studio background, soft even front lighting, natural skin texture, true-to-life colours. No text, no watermark, no logo."
hair_men_faux_hawk,Faux Hawk,Hairstyle,men,front,1024x1536,hair_men_faux_hawk-front.jpg,"Subject: a man in his 30s with medium olive skin and dark brown hair. Hairstyle: a faux hawk: short sides, a strip of longer hair along the centre styled upward to a soft peak, in the person's natural hair colour. Head and shoulders, centred, facing the camera and looking into the lens, relaxed natural expression. The whole head and all of the hair are visible, with clear space above the top of the head. Simple black crew-neck top, no jewellery, no hat, no glasses, no hands near the face. Professional beauty catalogue reference photo, photorealistic, shot on a full-frame camera with an 85 mm lens. Plain warm light-grey studio background, soft even front lighting, natural skin texture, true-to-life colours. No text, no watermark, no logo."
hair_men_faux_hawk,Faux Hawk,Hairstyle,men,side,1024x1536,hair_men_faux_hawk-side.jpg,"Subject: a man in his 30s with medium olive skin and dark brown hair. Hairstyle: a faux hawk: short sides, a strip of longer hair along the centre styled upward to a soft peak, in the person's natural hair colour. Head and shoulders, centred, facing the camera and looking into the lens, relaxed natural expression. The whole head and all of the hair are visible, with clear space above the top of the head. Simple black crew-neck top, no jewellery, no hat, no glasses, no hands near the face. Same person and hairstyle in a side profile view (facing left, 90 degrees), whole head and hair visible. Professional beauty catalogue reference photo, photorealistic, shot on a full-frame camera with an 85 mm lens. Plain warm light-grey studio background, soft even front lighting, natural skin texture, true-to-life colours. No text, no watermark, no logo."
hair_men_faux_hawk,Faux Hawk,Hairstyle,men,back,1024x1536,hair_men_faux_hawk-back.jpg,"Subject: a man in his 30s with medium olive skin and dark brown hair. Hairstyle: a faux hawk: short sides, a strip of longer hair along the centre styled upward to a soft peak, in the person's natural hair colour. Head and shoulders, centred, facing the camera and looking into the lens, relaxed natural expression. The whole head and all of the hair are visible, with clear space above the top of the head. Simple black crew-neck top, no jewellery, no hat, no glasses, no hands near the face. Same person and hairstyle seen from behind, showing the back and sides of the hairstyle, whole head visible. Professional beauty catalogue reference photo, photorealistic, shot on a full-frame camera with an 85 mm lens. Plain warm light-grey studio background, soft even front lighting, natural skin texture, true-to-life colours. No text, no watermark, no logo."
hair_men_modern_mullet,Modern Mullet,Hairstyle,men,front,1024x1536,hair_men_modern_mullet-front.jpg,"Subject: a man in his 20s with tan skin and black hair. Hairstyle: a modern mullet: short textured front and sides, longer hair at the back reaching the collar, in the person's natural hair colour. Head and shoulders, centred, facing the camera and looking into the lens, relaxed natural expression. The whole head and all of the hair are visible, with clear space above the top of the head. Simple black crew-neck top, no jewellery, no hat, no glasses, no hands near the face. Professional beauty catalogue reference photo, photorealistic, shot on a full-frame camera with an 85 mm lens. Plain warm light-grey studio background, soft even front lighting, natural skin texture, true-to-life colours. No text, no watermark, no logo."
hair_men_modern_mullet,Modern Mullet,Hairstyle,men,side,1024x1536,hair_men_modern_mullet-side.jpg,"Subject: a man in his 20s with tan skin and black hair. Hairstyle: a modern mullet: short textured front and sides, longer hair at the back reaching the collar, in the person's natural hair colour. Head and shoulders, centred, facing the camera and looking into the lens, relaxed natural expression. The whole head and all of the hair are visible, with clear space above the top of the head. Simple black crew-neck top, no jewellery, no hat, no glasses, no hands near the face. Same person and hairstyle in a side profile view (facing left, 90 degrees), whole head and hair visible. Professional beauty catalogue reference photo, photorealistic, shot on a full-frame camera with an 85 mm lens. Plain warm light-grey studio background, soft even front lighting, natural skin texture, true-to-life colours. No text, no watermark, no logo."
hair_men_modern_mullet,Modern Mullet,Hairstyle,men,back,1024x1536,hair_men_modern_mullet-back.jpg,"Subject: a man in his 20s with tan skin and black hair. Hairstyle: a modern mullet: short textured front and sides, longer hair at the back reaching the collar, in the person's natural hair colour. Head and shoulders, centred, facing the camera and looking into the lens, relaxed natural expression. The whole head and all of the hair are visible, with clear space above the top of the head. Simple black crew-neck top, no jewellery, no hat, no glasses, no hands near the face. Same person and hairstyle seen from behind, showing the back and sides of the hairstyle, whole head visible. Professional beauty catalogue reference photo, photorealistic, shot on a full-frame camera with an 85 mm lens. Plain warm light-grey studio background, soft even front lighting, natural skin texture, true-to-life colours. No text, no watermark, no logo."
hair_men_man_bun,Man Bun,Hairstyle,men,front,1024x1536,hair_men_man_bun-front.jpg,"Subject: a man in his 40s with fair skin and light brown hair, a few grey strands. Hairstyle: long hair gathered back and tied into a neat bun at the crown, sides smooth, in the person's natural hair colour. Head and shoulders, centred, facing the camera and looking into the lens, relaxed natural expression. The whole head and all of the hair are visible, with clear space above the top of the head. Simple black crew-neck top, no jewellery, no hat, no glasses, no hands near the face. Professional beauty catalogue reference photo, photorealistic, shot on a full-frame camera with an 85 mm lens. Plain warm light-grey studio background, soft even front lighting, natural skin texture, true-to-life colours. No text, no watermark, no logo."
hair_men_man_bun,Man Bun,Hairstyle,men,side,1024x1536,hair_men_man_bun-side.jpg,"Subject: a man in his 40s with fair skin and light brown hair, a few grey strands. Hairstyle: long hair gathered back and tied into a neat bun at the crown, sides smooth, in the person's natural hair colour. Head and shoulders, centred, facing the camera and looking into the lens, relaxed natural expression. The whole head and all of the hair are visible, with clear space above the top of the head. Simple black crew-neck top, no jewellery, no hat, no glasses, no hands near the face. Same person and hairstyle in a side profile view (facing left, 90 degrees), whole head and hair visible. Professional beauty catalogue reference photo, photorealistic, shot on a full-frame camera with an 85 mm lens. Plain warm light-grey studio background, soft even front lighting, natural skin texture, true-to-life colours. No text, no watermark, no logo."
hair_men_man_bun,Man Bun,Hairstyle,men,back,1024x1536,hair_men_man_bun-back.jpg,"Subject: a man in his 40s with fair skin and light brown hair, a few grey strands. Hairstyle: long hair gathered back and tied into a neat bun at the crown, sides smooth, in the person's natural hair colour. Head and shoulders, centred, facing the camera and looking into the lens, relaxed natural expression. The whole head and all of the hair are visible, with clear space above the top of the head. Simple black crew-neck top, no jewellery, no hat, no glasses, no hands near the face. Same person and hairstyle seen from behind, showing the back and sides of the hairstyle, whole head visible. Professional beauty catalogue reference photo, photorealistic, shot on a full-frame camera with an 85 mm lens. Plain warm light-grey studio background, soft even front lighting, natural skin texture, true-to-life colours. No text, no watermark, no logo."
hair_men_shoulder_length_layers,Shoulder-Length Layers,Hairstyle,men,front,1024x1536,hair_men_shoulder_length_layers-front.jpg,"Subject: a man in his 30s with light-medium skin and dark blond hair. Hairstyle: shoulder-length layered hair with a natural texture, tucked behind the ears, in the person's natural hair colour. Head and shoulders, centred, facing the camera and looking into the lens, relaxed natural expression. The whole head and all of the hair are visible, with clear space above the top of the head. Simple black crew-neck top, no jewellery, no hat, no glasses, no hands near the face. Professional beauty catalogue reference photo, photorealistic, shot on a full-frame camera with an 85 mm lens. Plain warm light-grey studio background, soft even front lighting, natural skin texture, true-to-life colours. No text, no watermark, no logo."
hair_men_shoulder_length_layers,Shoulder-Length Layers,Hairstyle,men,side,1024x1536,hair_men_shoulder_length_layers-side.jpg,"Subject: a man in his 30s with light-medium skin and dark blond hair. Hairstyle: shoulder-length layered hair with a natural texture, tucked behind the ears, in the person's natural hair colour. Head and shoulders, centred, facing the camera and looking into the lens, relaxed natural expression. The whole head and all of the hair are visible, with clear space above the top of the head. Simple black crew-neck top, no jewellery, no hat, no glasses, no hands near the face. Same person and hairstyle in a side profile view (facing left, 90 degrees), whole head and hair visible. Professional beauty catalogue reference photo, photorealistic, shot on a full-frame camera with an 85 mm lens. Plain warm light-grey studio background, soft even front lighting, natural skin texture, true-to-life colours. No text, no watermark, no logo."
hair_men_shoulder_length_layers,Shoulder-Length Layers,Hairstyle,men,back,1024x1536,hair_men_shoulder_length_layers-back.jpg,"Subject: a man in his 30s with light-medium skin and dark blond hair. Hairstyle: shoulder-length layered hair with a natural texture, tucked behind the ears, in the person's natural hair colour. Head and shoulders, centred, facing the camera and looking into the lens, relaxed natural expression. The whole head and all of the hair are visible, with clear space above the top of the head. Simple black crew-neck top, no jewellery, no hat, no glasses, no hands near the face. Same person and hairstyle seen from behind, showing the back and sides of the hairstyle, whole head visible. Professional beauty catalogue reference photo, photorealistic, shot on a full-frame camera with an 85 mm lens. Plain warm light-grey studio background, soft even front lighting, natural skin texture, true-to-life colours. No text, no watermark, no logo."
hair_women_pixie_cut,Pixie Cut,Hairstyle,women,front,1024x1536,hair_women_pixie_cut-front.jpg,"Subject: a woman in her late 20s with light skin, warm undertones and natural brown hair. Hairstyle: a pixie cut: short, close-cropped sides and back with slightly longer, soft layers on top, in the person's natural hair colour. Head and shoulders, centred, facing the camera and looking into the lens, relaxed natural expression. The whole head and all of the hair are visible, with clear space above the top of the head. Simple black crew-neck top, no jewellery, no hat, no glasses, no hands near the face. Professional beauty catalogue reference photo, photorealistic, shot on a full-frame camera with an 85 mm lens. Plain warm light-grey studio background, soft even front lighting, natural skin texture, true-to-life colours. No text, no watermark, no logo."
hair_women_pixie_cut,Pixie Cut,Hairstyle,women,side,1024x1536,hair_women_pixie_cut-side.jpg,"Subject: a woman in her late 20s with light skin, warm undertones and natural brown hair. Hairstyle: a pixie cut: short, close-cropped sides and back with slightly longer, soft layers on top, in the person's natural hair colour. Head and shoulders, centred, facing the camera and looking into the lens, relaxed natural expression. The whole head and all of the hair are visible, with clear space above the top of the head. Simple black crew-neck top, no jewellery, no hat, no glasses, no hands near the face. Same person and hairstyle in a side profile view (facing left, 90 degrees), whole head and hair visible. Professional beauty catalogue reference photo, photorealistic, shot on a full-frame camera with an 85 mm lens. Plain warm light-grey studio background, soft even front lighting, natural skin texture, true-to-life colours. No text, no watermark, no logo."
hair_women_pixie_cut,Pixie Cut,Hairstyle,women,back,1024x1536,hair_women_pixie_cut-back.jpg,"Subject: a woman in her late 20s with light skin, warm undertones and natural brown hair. Hairstyle: a pixie cut: short, close-cropped sides and back with slightly longer, soft layers on top, in the person's natural hair colour. Head and shoulders, centred, facing the camera and looking into the lens, relaxed natural expression. The whole head and all of the hair are visible, with clear space above the top of the head. Simple black crew-neck top, no jewellery, no hat, no glasses, no hands near the face. Same person and hairstyle seen from behind, showing the back and sides of the hairstyle, whole head visible. Professional beauty catalogue reference photo, photorealistic, shot on a full-frame camera with an 85 mm lens. Plain warm light-grey studio background, soft even front lighting, natural skin texture, true-to-life colours. No text, no watermark, no logo."
hair_women_textured_pixie,Textured Pixie,Hairstyle,women,front,1024x1536,hair_women_textured_pixie-front.jpg,"Subject: a woman in her 30s with medium olive skin and dark brown hair. Hairstyle: a textured pixie: short sides, choppy piecey layers on top with movement and a side-swept fringe, in the person's natural hair colour. Head and shoulders, centred, facing the camera and looking into the lens, relaxed natural expression. The whole head and all of the hair are visible, with clear space above the top of the head. Simple black crew-neck top, no jewellery, no hat, no glasses, no hands near the face. Professional beauty catalogue reference photo, photorealistic, shot on a full-frame camera with an 85 mm lens. Plain warm light-grey studio background, soft even front lighting, natural skin texture, true-to-life colours. No text, no watermark, no logo."
hair_women_textured_pixie,Textured Pixie,Hairstyle,women,side,1024x1536,hair_women_textured_pixie-side.jpg,"Subject: a woman in her 30s with medium olive skin and dark brown hair. Hairstyle: a textured pixie: short sides, choppy piecey layers on top with movement and a side-swept fringe, in the person's natural hair colour. Head and shoulders, centred, facing the camera and looking into the lens, relaxed natural expression. The whole head and all of the hair are visible, with clear space above the top of the head. Simple black crew-neck top, no jewellery, no hat, no glasses, no hands near the face. Same person and hairstyle in a side profile view (facing left, 90 degrees), whole head and hair visible. Professional beauty catalogue reference photo, photorealistic, shot on a full-frame camera with an 85 mm lens. Plain warm light-grey studio background, soft even front lighting, natural skin texture, true-to-life colours. No text, no watermark, no logo."
hair_women_textured_pixie,Textured Pixie,Hairstyle,women,back,1024x1536,hair_women_textured_pixie-back.jpg,"Subject: a woman in her 30s with medium olive skin and dark brown hair. Hairstyle: a textured pixie: short sides, choppy piecey layers on top with movement and a side-swept fringe, in the person's natural hair colour. Head and shoulders, centred, facing the camera and looking into the lens, relaxed natural expression. The whole head and all of the hair are visible, with clear space above the top of the head. Simple black crew-neck top, no jewellery, no hat, no glasses, no hands near the face. Same person and hairstyle seen from behind, showing the back and sides of the hairstyle, whole head visible. Professional beauty catalogue reference photo, photorealistic, shot on a full-frame camera with an 85 mm lens. Plain warm light-grey studio background, soft even front lighting, natural skin texture, true-to-life colours. No text, no watermark, no logo."
hair_women_french_bob,French Bob,Hairstyle,women,front,1024x1536,hair_women_french_bob-front.jpg,"Subject: a woman in her 20s with tan skin and black hair. Hairstyle: a French bob: a jaw-length bob with a soft, slightly tousled edge and a short eyebrow-length fringe, in the person's natural hair colour. Head and shoulders, centred, facing the camera and looking into the lens, relaxed natural expression. The whole head and all of the hair are visible, with clear space above the top of the head. Simple black crew-neck top, no jewellery, no hat, no glasses, no hands near the face. Professional beauty catalogue reference photo, photorealistic, shot on a full-frame camera with an 85 mm lens. Plain warm light-grey studio background, soft even front lighting, natural skin texture, true-to-life colours. No text, no watermark, no logo."
hair_women_french_bob,French Bob,Hairstyle,women,side,1024x1536,hair_women_french_bob-side.jpg,"Subject: a woman in her 20s with tan skin and black hair. Hairstyle: a French bob: a jaw-length bob with a soft, slightly tousled edge and a short eyebrow-length fringe, in the person's natural hair colour. Head and shoulders, centred, facing the camera and looking into the lens, relaxed natural expression. The whole head and all of the hair are visible, with clear space above the top of the head. Simple black crew-neck top, no jewellery, no hat, no glasses, no hands near the face. Same person and hairstyle in a side profile view (facing left, 90 degrees), whole head and hair visible. Professional beauty catalogue reference photo, photorealistic, shot on a full-frame camera with an 85 mm lens. Plain warm light-grey studio background, soft even front lighting, natural skin texture, true-to-life colours. No text, no watermark, no logo."
hair_women_french_bob,French Bob,Hairstyle,women,back,1024x1536,hair_women_french_bob-back.jpg,"Subject: a woman in her 20s with tan skin and black hair. Hairstyle: a French bob: a jaw-length bob with a soft, slightly tousled edge and a short eyebrow-length fringe, in the person's natural hair colour. Head and shoulders, centred, facing the camera and looking into the lens, relaxed natural expression. The whole head and all of the hair are visible, with clear space above the top of the head. Simple black crew-neck top, no jewellery, no hat, no glasses, no hands near the face. Same person and hairstyle seen from behind, showing the back and sides of the hairstyle, whole head visible. Professional beauty catalogue reference photo, photorealistic, shot on a full-frame camera with an 85 mm lens. Plain warm light-grey studio background, soft even front lighting, natural skin texture, true-to-life colours. No text, no watermark, no logo."
hair_women_classic_bob,Classic Bob,Hairstyle,women,front,1024x1536,hair_women_classic_bob-front.jpg,"Subject: a woman in her 40s with fair skin, cool undertones and light brown hair. Hairstyle: a sleek chin-length bob with blunt ends and a polished, smooth finish, in the person's natural hair colour. Head and shoulders, centred, facing the camera and looking into the lens, relaxed natural expression. The whole head and all of the hair are visible, with clear space above the top of the head. Simple black crew-neck top, no jewellery, no hat, no glasses, no hands near the face. Professional beauty catalogue reference photo, photorealistic, shot on a full-frame camera with an 85 mm lens. Plain warm light-grey studio background, soft even front lighting, natural skin texture, true-to-life colours. No text, no watermark, no logo."
hair_women_classic_bob,Classic Bob,Hairstyle,women,side,1024x1536,hair_women_classic_bob-side.jpg,"Subject: a woman in her 40s with fair skin, cool undertones and light brown hair. Hairstyle: a sleek chin-length bob with blunt ends and a polished, smooth finish, in the person's natural hair colour. Head and shoulders, centred, facing the camera and looking into the lens, relaxed natural expression. The whole head and all of the hair are visible, with clear space above the top of the head. Simple black crew-neck top, no jewellery, no hat, no glasses, no hands near the face. Same person and hairstyle in a side profile view (facing left, 90 degrees), whole head and hair visible. Professional beauty catalogue reference photo, photorealistic, shot on a full-frame camera with an 85 mm lens. Plain warm light-grey studio background, soft even front lighting, natural skin texture, true-to-life colours. No text, no watermark, no logo."
hair_women_classic_bob,Classic Bob,Hairstyle,women,back,1024x1536,hair_women_classic_bob-back.jpg,"Subject: a woman in her 40s with fair skin, cool undertones and light brown hair. Hairstyle: a sleek chin-length bob with blunt ends and a polished, smooth finish, in the person's natural hair colour. Head and shoulders, centred, facing the camera and looking into the lens, relaxed natural expression. The whole head and all of the hair are visible, with clear space above the top of the head. Simple black crew-neck top, no jewellery, no hat, no glasses, no hands near the face. Same person and hairstyle seen from behind, showing the back and sides of the hairstyle, whole head visible. Professional beauty catalogue reference photo, photorealistic, shot on a full-frame camera with an 85 mm lens. Plain warm light-grey studio background, soft even front lighting, natural skin texture, true-to-life colours. No text, no watermark, no logo."
hair_women_textured_bob,Textured Bob,Hairstyle,women,front,1024x1536,hair_women_textured_bob-front.jpg,"Subject: a woman in her 30s with light-medium skin, freckles and auburn-brown hair. Hairstyle: a textured bob: chin-length with point-cut ends, lived-in texture and movement, in the person's natural hair colour. Head and shoulders, centred, facing the camera and looking into the lens, relaxed natural expression. The whole head and all of the hair are visible, with clear space above the top of the head. Simple black crew-neck top, no jewellery, no hat, no glasses, no hands near the face. Professional beauty catalogue reference photo, photorealistic, shot on a full-frame camera with an 85 mm lens. Plain warm light-grey studio background, soft even front lighting, natural skin texture, true-to-life colours. No text, no watermark, no logo."
hair_women_textured_bob,Textured Bob,Hairstyle,women,side,1024x1536,hair_women_textured_bob-side.jpg,"Subject: a woman in her 30s with light-medium skin, freckles and auburn-brown hair. Hairstyle: a textured bob: chin-length with point-cut ends, lived-in texture and movement, in the person's natural hair colour. Head and shoulders, centred, facing the camera and looking into the lens, relaxed natural expression. The whole head and all of the hair are visible, with clear space above the top of the head. Simple black crew-neck top, no jewellery, no hat, no glasses, no hands near the face. Same person and hairstyle in a side profile view (facing left, 90 degrees), whole head and hair visible. Professional beauty catalogue reference photo, photorealistic, shot on a full-frame camera with an 85 mm lens. Plain warm light-grey studio background, soft even front lighting, natural skin texture, true-to-life colours. No text, no watermark, no logo."
hair_women_textured_bob,Textured Bob,Hairstyle,women,back,1024x1536,hair_women_textured_bob-back.jpg,"Subject: a woman in her 30s with light-medium skin, freckles and auburn-brown hair. Hairstyle: a textured bob: chin-length with point-cut ends, lived-in texture and movement, in the person's natural hair colour. Head and shoulders, centred, facing the camera and looking into the lens, relaxed natural expression. The whole head and all of the hair are visible, with clear space above the top of the head. Simple black crew-neck top, no jewellery, no hat, no glasses, no hands near the face. Same person and hairstyle seen from behind, showing the back and sides of the hairstyle, whole head visible. Professional beauty catalogue reference photo, photorealistic, shot on a full-frame camera with an 85 mm lens. Plain warm light-grey studio background, soft even front lighting, natural skin texture, true-to-life colours. No text, no watermark, no logo."
hair_women_wavy_bob,Wavy Bob,Hairstyle,women,front,1024x1536,hair_women_wavy_bob-front.jpg,"Subject: a woman in her 30s with deep brown skin and black hair. Hairstyle: a wavy bob: chin-to-jaw length with soft, loose waves and a side part, in the person's natural hair colour. Head and shoulders, centred, facing the camera and looking into the lens, relaxed natural expression. The whole head and all of the hair are visible, with clear space above the top of the head. Simple black crew-neck top, no jewellery, no hat, no glasses, no hands near the face. Professional beauty catalogue reference photo, photorealistic, shot on a full-frame camera with an 85 mm lens. Plain warm light-grey studio background, soft even front lighting, natural skin texture, true-to-life colours. No text, no watermark, no logo."
hair_women_wavy_bob,Wavy Bob,Hairstyle,women,side,1024x1536,hair_women_wavy_bob-side.jpg,"Subject: a woman in her 30s with deep brown skin and black hair. Hairstyle: a wavy bob: chin-to-jaw length with soft, loose waves and a side part, in the person's natural hair colour. Head and shoulders, centred, facing the camera and looking into the lens, relaxed natural expression. The whole head and all of the hair are visible, with clear space above the top of the head. Simple black crew-neck top, no jewellery, no hat, no glasses, no hands near the face. Same person and hairstyle in a side profile view (facing left, 90 degrees), whole head and hair visible. Professional beauty catalogue reference photo, photorealistic, shot on a full-frame camera with an 85 mm lens. Plain warm light-grey studio background, soft even front lighting, natural skin texture, true-to-life colours. No text, no watermark, no logo."
hair_women_wavy_bob,Wavy Bob,Hairstyle,women,back,1024x1536,hair_women_wavy_bob-back.jpg,"Subject: a woman in her 30s with deep brown skin and black hair. Hairstyle: a wavy bob: chin-to-jaw length with soft, loose waves and a side part, in the person's natural hair colour. Head and shoulders, centred, facing the camera and looking into the lens, relaxed natural expression. The whole head and all of the hair are visible, with clear space above the top of the head. Simple black crew-neck top, no jewellery, no hat, no glasses, no hands near the face. Same person and hairstyle seen from behind, showing the back and sides of the hairstyle, whole head visible. Professional beauty catalogue reference photo, photorealistic, shot on a full-frame camera with an 85 mm lens. Plain warm light-grey studio background, soft even front lighting, natural skin texture, true-to-life colours. No text, no watermark, no logo."
hair_women_long_bob_lob,Long Bob (Lob),Hairstyle,women,front,1024x1536,hair_women_long_bob_lob-front.jpg,"Subject: a woman in her late 20s with light skin, warm undertones and natural brown hair. Hairstyle: a long bob (lob): collarbone length with a straight, slightly angled outline, in the person's natural hair colour. Head and shoulders, centred, facing the camera and looking into the lens, relaxed natural expression. The whole head and all of the hair are visible, with clear space above the top of the head. Simple black crew-neck top, no jewellery, no hat, no glasses, no hands near the face. Professional beauty catalogue reference photo, photorealistic, shot on a full-frame camera with an 85 mm lens. Plain warm light-grey studio background, soft even front lighting, natural skin texture, true-to-life colours. No text, no watermark, no logo."
hair_women_long_bob_lob,Long Bob (Lob),Hairstyle,women,side,1024x1536,hair_women_long_bob_lob-side.jpg,"Subject: a woman in her late 20s with light skin, warm undertones and natural brown hair. Hairstyle: a long bob (lob): collarbone length with a straight, slightly angled outline, in the person's natural hair colour. Head and shoulders, centred, facing the camera and looking into the lens, relaxed natural expression. The whole head and all of the hair are visible, with clear space above the top of the head. Simple black crew-neck top, no jewellery, no hat, no glasses, no hands near the face. Same person and hairstyle in a side profile view (facing left, 90 degrees), whole head and hair visible. Professional beauty catalogue reference photo, photorealistic, shot on a full-frame camera with an 85 mm lens. Plain warm light-grey studio background, soft even front lighting, natural skin texture, true-to-life colours. No text, no watermark, no logo."
hair_women_long_bob_lob,Long Bob (Lob),Hairstyle,women,back,1024x1536,hair_women_long_bob_lob-back.jpg,"Subject: a woman in her late 20s with light skin, warm undertones and natural brown hair. Hairstyle: a long bob (lob): collarbone length with a straight, slightly angled outline, in the person's natural hair colour. Head and shoulders, centred, facing the camera and looking into the lens, relaxed natural expression. The whole head and all of the hair are visible, with clear space above the top of the head. Simple black crew-neck top, no jewellery, no hat, no glasses, no hands near the face. Same person and hairstyle seen from behind, showing the back and sides of the hairstyle, whole head visible. Professional beauty catalogue reference photo, photorealistic, shot on a full-frame camera with an 85 mm lens. Plain warm light-grey studio background, soft even front lighting, natural skin texture, true-to-life colours. No text, no watermark, no logo."
hair_women_layered_lob,Layered Lob,Hairstyle,women,front,1024x1536,hair_women_layered_lob-front.jpg,"Subject: a woman in her 30s with medium olive skin and dark brown hair. Hairstyle: a layered lob: shoulder length with soft internal layers for movement around the face, in the person's natural hair colour. Head and shoulders, centred, facing the camera and looking into the lens, relaxed natural expression. The whole head and all of the hair are visible, with clear space above the top of the head. Simple black crew-neck top, no jewellery, no hat, no glasses, no hands near the face. Professional beauty catalogue reference photo, photorealistic, shot on a full-frame camera with an 85 mm lens. Plain warm light-grey studio background, soft even front lighting, natural skin texture, true-to-life colours. No text, no watermark, no logo."
hair_women_layered_lob,Layered Lob,Hairstyle,women,side,1024x1536,hair_women_layered_lob-side.jpg,"Subject: a woman in her 30s with medium olive skin and dark brown hair. Hairstyle: a layered lob: shoulder length with soft internal layers for movement around the face, in the person's natural hair colour. Head and shoulders, centred, facing the camera and looking into the lens, relaxed natural expression. The whole head and all of the hair are visible, with clear space above the top of the head. Simple black crew-neck top, no jewellery, no hat, no glasses, no hands near the face. Same person and hairstyle in a side profile view (facing left, 90 degrees), whole head and hair visible. Professional beauty catalogue reference photo, photorealistic, shot on a full-frame camera with an 85 mm lens. Plain warm light-grey studio background, soft even front lighting, natural skin texture, true-to-life colours. No text, no watermark, no logo."
hair_women_layered_lob,Layered Lob,Hairstyle,women,back,1024x1536,hair_women_layered_lob-back.jpg,"Subject: a woman in her 30s with medium olive skin and dark brown hair. Hairstyle: a layered lob: shoulder length with soft internal layers for movement around the face, in the person's natural hair colour. Head and shoulders, centred, facing the camera and looking into the lens, relaxed natural expression. The whole head and all of the hair are visible, with clear space above the top of the head. Simple black crew-neck top, no jewellery, no hat, no glasses, no hands near the face. Same person and hairstyle seen from behind, showing the back and sides of the hairstyle, whole head visible. Professional beauty catalogue reference photo, photorealistic, shot on a full-frame camera with an 85 mm lens. Plain warm light-grey studio background, soft even front lighting, natural skin texture, true-to-life colours. No text, no watermark, no logo."
hair_women_shoulder_length_layers,Shoulder-Length Layers,Hairstyle,women,front,1024x1536,hair_women_shoulder_length_layers-front.jpg,"Subject: a woman in her 20s with tan skin and black hair. Hairstyle: shoulder-length hair with long, blended layers and a soft, natural finish, in the person's natural hair colour. Head and shoulders, centred, facing the camera and looking into the lens, relaxed natural expression. The whole head and all of the hair are visible, with clear space above the top of the head. Simple black crew-neck top, no jewellery, no hat, no glasses, no hands near the face. Professional beauty catalogue reference photo, photorealistic, shot on a full-frame camera with an 85 mm lens. Plain warm light-grey studio background, soft even front lighting, natural skin texture, true-to-life colours. No text, no watermark, no logo."
hair_women_shoulder_length_layers,Shoulder-Length Layers,Hairstyle,women,side,1024x1536,hair_women_shoulder_length_layers-side.jpg,"Subject: a woman in her 20s with tan skin and black hair. Hairstyle: shoulder-length hair with long, blended layers and a soft, natural finish, in the person's natural hair colour. Head and shoulders, centred, facing the camera and looking into the lens, relaxed natural expression. The whole head and all of the hair are visible, with clear space above the top of the head. Simple black crew-neck top, no jewellery, no hat, no glasses, no hands near the face. Same person and hairstyle in a side profile view (facing left, 90 degrees), whole head and hair visible. Professional beauty catalogue reference photo, photorealistic, shot on a full-frame camera with an 85 mm lens. Plain warm light-grey studio background, soft even front lighting, natural skin texture, true-to-life colours. No text, no watermark, no logo."
hair_women_shoulder_length_layers,Shoulder-Length Layers,Hairstyle,women,back,1024x1536,hair_women_shoulder_length_layers-back.jpg,"Subject: a woman in her 20s with tan skin and black hair. Hairstyle: shoulder-length hair with long, blended layers and a soft, natural finish, in the person's natural hair colour. Head and shoulders, centred, facing the camera and looking into the lens, relaxed natural expression. The whole head and all of the hair are visible, with clear space above the top of the head. Simple black crew-neck top, no jewellery, no hat, no glasses, no hands near the face. Same person and hairstyle seen from behind, showing the back and sides of the hairstyle, whole head visible. Professional beauty catalogue reference photo, photorealistic, shot on a full-frame camera with an 85 mm lens. Plain warm light-grey studio background, soft even front lighting, natural skin texture, true-to-life colours. No text, no watermark, no logo."
hair_women_shag_cut,Shag Cut,Hairstyle,women,front,1024x1536,hair_women_shag_cut-front.jpg,"Subject: a woman in her 30s with medium brown skin and naturally curly dark hair. Hairstyle: a shag cut: shoulder length with choppy, feathered layers, volume at the crown and a wispy fringe, in the person's natural hair colour. Head and shoulders, centred, facing the camera and looking into the lens, relaxed natural expression. The whole head and all of the hair are visible, with clear space above the top of the head. Simple black crew-neck top, no jewellery, no hat, no glasses, no hands near the face. Professional beauty catalogue reference photo, photorealistic, shot on a full-frame camera with an 85 mm lens. Plain warm light-grey studio background, soft even front lighting, natural skin texture, true-to-life colours. No text, no watermark, no logo."
hair_women_shag_cut,Shag Cut,Hairstyle,women,side,1024x1536,hair_women_shag_cut-side.jpg,"Subject: a woman in her 30s with medium brown skin and naturally curly dark hair. Hairstyle: a shag cut: shoulder length with choppy, feathered layers, volume at the crown and a wispy fringe, in the person's natural hair colour. Head and shoulders, centred, facing the camera and looking into the lens, relaxed natural expression. The whole head and all of the hair are visible, with clear space above the top of the head. Simple black crew-neck top, no jewellery, no hat, no glasses, no hands near the face. Same person and hairstyle in a side profile view (facing left, 90 degrees), whole head and hair visible. Professional beauty catalogue reference photo, photorealistic, shot on a full-frame camera with an 85 mm lens. Plain warm light-grey studio background, soft even front lighting, natural skin texture, true-to-life colours. No text, no watermark, no logo."
hair_women_shag_cut,Shag Cut,Hairstyle,women,back,1024x1536,hair_women_shag_cut-back.jpg,"Subject: a woman in her 30s with medium brown skin and naturally curly dark hair. Hairstyle: a shag cut: shoulder length with choppy, feathered layers, volume at the crown and a wispy fringe, in the person's natural hair colour. Head and shoulders, centred, facing the camera and looking into the lens, relaxed natural expression. The whole head and all of the hair are visible, with clear space above the top of the head. Simple black crew-neck top, no jewellery, no hat, no glasses, no hands near the face. Same person and hairstyle seen from behind, showing the back and sides of the hairstyle, whole head visible. Professional beauty catalogue reference photo, photorealistic, shot on a full-frame camera with an 85 mm lens. Plain warm light-grey studio background, soft even front lighting, natural skin texture, true-to-life colours. No text, no watermark, no logo."
hair_women_wolf_cut,Wolf Cut,Hairstyle,women,front,1024x1536,hair_women_wolf_cut-front.jpg,"Subject: a woman in her 30s with light-medium skin, freckles and auburn-brown hair. Hairstyle: a wolf cut: heavy, choppy layers around the crown and face, thinner lengths towards the shoulders, in the person's natural hair colour. Head and shoulders, centred, facing the camera and looking into the lens, relaxed natural expression. The whole head and all of the hair are visible, with clear space above the top of the head. Simple black crew-neck top, no jewellery, no hat, no glasses, no hands near the face. Professional beauty catalogue reference photo, photorealistic, shot on a full-frame camera with an 85 mm lens. Plain warm light-grey studio background, soft even front lighting, natural skin texture, true-to-life colours. No text, no watermark, no logo."
hair_women_wolf_cut,Wolf Cut,Hairstyle,women,side,1024x1536,hair_women_wolf_cut-side.jpg,"Subject: a woman in her 30s with light-medium skin, freckles and auburn-brown hair. Hairstyle: a wolf cut: heavy, choppy layers around the crown and face, thinner lengths towards the shoulders, in the person's natural hair colour. Head and shoulders, centred, facing the camera and looking into the lens, relaxed natural expression. The whole head and all of the hair are visible, with clear space above the top of the head. Simple black crew-neck top, no jewellery, no hat, no glasses, no hands near the face. Same person and hairstyle in a side profile view (facing left, 90 degrees), whole head and hair visible. Professional beauty catalogue reference photo, photorealistic, shot on a full-frame camera with an 85 mm lens. Plain warm light-grey studio background, soft even front lighting, natural skin texture, true-to-life colours. No text, no watermark, no logo."
hair_women_wolf_cut,Wolf Cut,Hairstyle,women,back,1024x1536,hair_women_wolf_cut-back.jpg,"Subject: a woman in her 30s with light-medium skin, freckles and auburn-brown hair. Hairstyle: a wolf cut: heavy, choppy layers around the crown and face, thinner lengths towards the shoulders, in the person's natural hair colour. Head and shoulders, centred, facing the camera and looking into the lens, relaxed natural expression. The whole head and all of the hair are visible, with clear space above the top of the head. Simple black crew-neck top, no jewellery, no hat, no glasses, no hands near the face. Same person and hairstyle seen from behind, showing the back and sides of the hairstyle, whole head visible. Professional beauty catalogue reference photo, photorealistic, shot on a full-frame camera with an 85 mm lens. Plain warm light-grey studio background, soft even front lighting, natural skin texture, true-to-life colours. No text, no watermark, no logo."
hair_women_butterfly_cut,Butterfly Cut,Hairstyle,women,front,1024x1536,hair_women_butterfly_cut-front.jpg,"Subject: a woman in her 30s with deep brown skin and black hair. Hairstyle: a butterfly cut: long hair with short face-framing layers from the cheekbones and bouncy volume, in the person's natural hair colour. Head and shoulders, centred, facing the camera and looking into the lens, relaxed natural expression. The whole head and all of the hair are visible, with clear space above the top of the head. Simple black crew-neck top, no jewellery, no hat, no glasses, no hands near the face. Professional beauty catalogue reference photo, photorealistic, shot on a full-frame camera with an 85 mm lens. Plain warm light-grey studio background, soft even front lighting, natural skin texture, true-to-life colours. No text, no watermark, no logo."
hair_women_butterfly_cut,Butterfly Cut,Hairstyle,women,side,1024x1536,hair_women_butterfly_cut-side.jpg,"Subject: a woman in her 30s with deep brown skin and black hair. Hairstyle: a butterfly cut: long hair with short face-framing layers from the cheekbones and bouncy volume, in the person's natural hair colour. Head and shoulders, centred, facing the camera and looking into the lens, relaxed natural expression. The whole head and all of the hair are visible, with clear space above the top of the head. Simple black crew-neck top, no jewellery, no hat, no glasses, no hands near the face. Same person and hairstyle in a side profile view (facing left, 90 degrees), whole head and hair visible. Professional beauty catalogue reference photo, photorealistic, shot on a full-frame camera with an 85 mm lens. Plain warm light-grey studio background, soft even front lighting, natural skin texture, true-to-life colours. No text, no watermark, no logo."
hair_women_butterfly_cut,Butterfly Cut,Hairstyle,women,back,1024x1536,hair_women_butterfly_cut-back.jpg,"Subject: a woman in her 30s with deep brown skin and black hair. Hairstyle: a butterfly cut: long hair with short face-framing layers from the cheekbones and bouncy volume, in the person's natural hair colour. Head and shoulders, centred, facing the camera and looking into the lens, relaxed natural expression. The whole head and all of the hair are visible, with clear space above the top of the head. Simple black crew-neck top, no jewellery, no hat, no glasses, no hands near the face. Same person and hairstyle seen from behind, showing the back and sides of the hairstyle, whole head visible. Professional beauty catalogue reference photo, photorealistic, shot on a full-frame camera with an 85 mm lens. Plain warm light-grey studio background, soft even front lighting, natural skin texture, true-to-life colours. No text, no watermark, no logo."
hair_women_long_layers,Long Layers,Hairstyle,women,front,1024x1536,hair_women_long_layers-front.jpg,"Subject: a woman in her late 20s with light skin, warm undertones and natural brown hair. Hairstyle: long hair below the shoulders with graduated layers for movement and a smooth finish, in the person's natural hair colour. Head and shoulders, centred, facing the camera and looking into the lens, relaxed natural expression. The whole head and all of the hair are visible, with clear space above the top of the head. Simple black crew-neck top, no jewellery, no hat, no glasses, no hands near the face. Professional beauty catalogue reference photo, photorealistic, shot on a full-frame camera with an 85 mm lens. Plain warm light-grey studio background, soft even front lighting, natural skin texture, true-to-life colours. No text, no watermark, no logo."
hair_women_long_layers,Long Layers,Hairstyle,women,side,1024x1536,hair_women_long_layers-side.jpg,"Subject: a woman in her late 20s with light skin, warm undertones and natural brown hair. Hairstyle: long hair below the shoulders with graduated layers for movement and a smooth finish, in the person's natural hair colour. Head and shoulders, centred, facing the camera and looking into the lens, relaxed natural expression. The whole head and all of the hair are visible, with clear space above the top of the head. Simple black crew-neck top, no jewellery, no hat, no glasses, no hands near the face. Same person and hairstyle in a side profile view (facing left, 90 degrees), whole head and hair visible. Professional beauty catalogue reference photo, photorealistic, shot on a full-frame camera with an 85 mm lens. Plain warm light-grey studio background, soft even front lighting, natural skin texture, true-to-life colours. No text, no watermark, no logo."
hair_women_long_layers,Long Layers,Hairstyle,women,back,1024x1536,hair_women_long_layers-back.jpg,"Subject: a woman in her late 20s with light skin, warm undertones and natural brown hair. Hairstyle: long hair below the shoulders with graduated layers for movement and a smooth finish, in the person's natural hair colour. Head and shoulders, centred, facing the camera and looking into the lens, relaxed natural expression. The whole head and all of the hair are visible, with clear space above the top of the head. Simple black crew-neck top, no jewellery, no hat, no glasses, no hands near the face. Same person and hairstyle seen from behind, showing the back and sides of the hairstyle, whole head visible. Professional beauty catalogue reference photo, photorealistic, shot on a full-frame camera with an 85 mm lens. Plain warm light-grey studio background, soft even front lighting, natural skin texture, true-to-life colours. No text, no watermark, no logo."
hair_women_face_framing_layers,Face-Framing Layers,Hairstyle,women,front,1024x1536,hair_women_face_framing_layers-front.jpg,"Subject: a woman in her 30s with medium olive skin and dark brown hair. Hairstyle: face-framing layers: shorter layers starting at the chin that frame the face, the rest at its length, in the person's natural hair colour. Head and shoulders, centred, facing the camera and looking into the lens, relaxed natural expression. The whole head and all of the hair are visible, with clear space above the top of the head. Simple black crew-neck top, no jewellery, no hat, no glasses, no hands near the face. Professional beauty catalogue reference photo, photorealistic, shot on a full-frame camera with an 85 mm lens. Plain warm light-grey studio background, soft even front lighting, natural skin texture, true-to-life colours. No text, no watermark, no logo."
hair_women_face_framing_layers,Face-Framing Layers,Hairstyle,women,side,1024x1536,hair_women_face_framing_layers-side.jpg,"Subject: a woman in her 30s with medium olive skin and dark brown hair. Hairstyle: face-framing layers: shorter layers starting at the chin that frame the face, the rest at its length, in the person's natural hair colour. Head and shoulders, centred, facing the camera and looking into the lens, relaxed natural expression. The whole head and all of the hair are visible, with clear space above the top of the head. Simple black crew-neck top, no jewellery, no hat, no glasses, no hands near the face. Same person and hairstyle in a side profile view (facing left, 90 degrees), whole head and hair visible. Professional beauty catalogue reference photo, photorealistic, shot on a full-frame camera with an 85 mm lens. Plain warm light-grey studio background, soft even front lighting, natural skin texture, true-to-life colours. No text, no watermark, no logo."
hair_women_face_framing_layers,Face-Framing Layers,Hairstyle,women,back,1024x1536,hair_women_face_framing_layers-back.jpg,"Subject: a woman in her 30s with medium olive skin and dark brown hair. Hairstyle: face-framing layers: shorter layers starting at the chin that frame the face, the rest at its length, in the person's natural hair colour. Head and shoulders, centred, facing the camera and looking into the lens, relaxed natural expression. The whole head and all of the hair are visible, with clear space above the top of the head. Simple black crew-neck top, no jewellery, no hat, no glasses, no hands near the face. Same person and hairstyle seen from behind, showing the back and sides of the hairstyle, whole head visible. Professional beauty catalogue reference photo, photorealistic, shot on a full-frame camera with an 85 mm lens. Plain warm light-grey studio background, soft even front lighting, natural skin texture, true-to-life colours. No text, no watermark, no logo."
hair_women_v_cut_layers,V-Cut Layers,Hairstyle,women,front,1024x1536,hair_women_v_cut_layers-front.jpg,"Subject: a woman in her 20s with tan skin and black hair. Hairstyle: long layered hair cut to a V-shaped point at the back, with soft layers around the face, in the person's natural hair colour. Head and shoulders, centred, facing the camera and looking into the lens, relaxed natural expression. The whole head and all of the hair are visible, with clear space above the top of the head. Simple black crew-neck top, no jewellery, no hat, no glasses, no hands near the face. Professional beauty catalogue reference photo, photorealistic, shot on a full-frame camera with an 85 mm lens. Plain warm light-grey studio background, soft even front lighting, natural skin texture, true-to-life colours. No text, no watermark, no logo."
hair_women_v_cut_layers,V-Cut Layers,Hairstyle,women,side,1024x1536,hair_women_v_cut_layers-side.jpg,"Subject: a woman in her 20s with tan skin and black hair. Hairstyle: long layered hair cut to a V-shaped point at the back, with soft layers around the face, in the person's natural hair colour. Head and shoulders, centred, facing the camera and looking into the lens, relaxed natural expression. The whole head and all of the hair are visible, with clear space above the top of the head. Simple black crew-neck top, no jewellery, no hat, no glasses, no hands near the face. Same person and hairstyle in a side profile view (facing left, 90 degrees), whole head and hair visible. Professional beauty catalogue reference photo, photorealistic, shot on a full-frame camera with an 85 mm lens. Plain warm light-grey studio background, soft even front lighting, natural skin texture, true-to-life colours. No text, no watermark, no logo."
hair_women_v_cut_layers,V-Cut Layers,Hairstyle,women,back,1024x1536,hair_women_v_cut_layers-back.jpg,"Subject: a woman in her 20s with tan skin and black hair. Hairstyle: long layered hair cut to a V-shaped point at the back, with soft layers around the face, in the person's natural hair colour. Head and shoulders, centred, facing the camera and looking into the lens, relaxed natural expression. The whole head and all of the hair are visible, with clear space above the top of the head. Simple black crew-neck top, no jewellery, no hat, no glasses, no hands near the face. Same person and hairstyle seen from behind, showing the back and sides of the hairstyle, whole head visible. Professional beauty catalogue reference photo, photorealistic, shot on a full-frame camera with an 85 mm lens. Plain warm light-grey studio background, soft even front lighting, natural skin texture, true-to-life colours. No text, no watermark, no logo."
hair_women_u_cut_layers,U-Cut Layers,Hairstyle,women,front,1024x1536,hair_women_u_cut_layers-front.jpg,"Subject: a woman in her 40s with fair skin, cool undertones and light brown hair. Hairstyle: long layered hair cut to a rounded U-shaped outline at the back, smooth and full, in the person's natural hair colour. Head and shoulders, centred, facing the camera and looking into the lens, relaxed natural expression. The whole head and all of the hair are visible, with clear space above the top of the head. Simple black crew-neck top, no jewellery, no hat, no glasses, no hands near the face. Professional beauty catalogue reference photo, photorealistic, shot on a full-frame camera with an 85 mm lens. Plain warm light-grey studio background, soft even front lighting, natural skin texture, true-to-life colours. No text, no watermark, no logo."
hair_women_u_cut_layers,U-Cut Layers,Hairstyle,women,side,1024x1536,hair_women_u_cut_layers-side.jpg,"Subject: a woman in her 40s with fair skin, cool undertones and light brown hair. Hairstyle: long layered hair cut to a rounded U-shaped outline at the back, smooth and full, in the person's natural hair colour. Head and shoulders, centred, facing the camera and looking into the lens, relaxed natural expression. The whole head and all of the hair are visible, with clear space above the top of the head. Simple black crew-neck top, no jewellery, no hat, no glasses, no hands near the face. Same person and hairstyle in a side profile view (facing left, 90 degrees), whole head and hair visible. Professional beauty catalogue reference photo, photorealistic, shot on a full-frame camera with an 85 mm lens. Plain warm light-grey studio background, soft even front lighting, natural skin texture, true-to-life colours. No text, no watermark, no logo."
hair_women_u_cut_layers,U-Cut Layers,Hairstyle,women,back,1024x1536,hair_women_u_cut_layers-back.jpg,"Subject: a woman in her 40s with fair skin, cool undertones and light brown hair. Hairstyle: long layered hair cut to a rounded U-shaped outline at the back, smooth and full, in the person's natural hair colour. Head and shoulders, centred, facing the camera and looking into the lens, relaxed natural expression. The whole head and all of the hair are visible, with clear space above the top of the head. Simple black crew-neck top, no jewellery, no hat, no glasses, no hands near the face. Same person and hairstyle seen from behind, showing the back and sides of the hairstyle, whole head visible. Professional beauty catalogue reference photo, photorealistic, shot on a full-frame camera with an 85 mm lens. Plain warm light-grey studio background, soft even front lighting, natural skin texture, true-to-life colours. No text, no watermark, no logo."
hair_women_sleek_straight,Sleek Straight,Hairstyle,women,front,1024x1536,hair_women_sleek_straight-front.jpg,"Subject: a woman in her 30s with light-medium skin, freckles and auburn-brown hair. Hairstyle: smooth, sleek straight hair with a glossy finish and a centre part, no frizz, in the person's natural hair colour. Head and shoulders, centred, facing the camera and looking into the lens, relaxed natural expression. The whole head and all of the hair are visible, with clear space above the top of the head. Simple black crew-neck top, no jewellery, no hat, no glasses, no hands near the face. Professional beauty catalogue reference photo, photorealistic, shot on a full-frame camera with an 85 mm lens. Plain warm light-grey studio background, soft even front lighting, natural skin texture, true-to-life colours. No text, no watermark, no logo."
hair_women_sleek_straight,Sleek Straight,Hairstyle,women,side,1024x1536,hair_women_sleek_straight-side.jpg,"Subject: a woman in her 30s with light-medium skin, freckles and auburn-brown hair. Hairstyle: smooth, sleek straight hair with a glossy finish and a centre part, no frizz, in the person's natural hair colour. Head and shoulders, centred, facing the camera and looking into the lens, relaxed natural expression. The whole head and all of the hair are visible, with clear space above the top of the head. Simple black crew-neck top, no jewellery, no hat, no glasses, no hands near the face. Same person and hairstyle in a side profile view (facing left, 90 degrees), whole head and hair visible. Professional beauty catalogue reference photo, photorealistic, shot on a full-frame camera with an 85 mm lens. Plain warm light-grey studio background, soft even front lighting, natural skin texture, true-to-life colours. No text, no watermark, no logo."
hair_women_sleek_straight,Sleek Straight,Hairstyle,women,back,1024x1536,hair_women_sleek_straight-back.jpg,"Subject: a woman in her 30s with light-medium skin, freckles and auburn-brown hair. Hairstyle: smooth, sleek straight hair with a glossy finish and a centre part, no frizz, in the person's natural hair colour. Head and shoulders, centred, facing the camera and looking into the lens, relaxed natural expression. The whole head and all of the hair are visible, with clear space above the top of the head. Simple black crew-neck top, no jewellery, no hat, no glasses, no hands near the face. Same person and hairstyle seen from behind, showing the back and sides of the hairstyle, whole head visible. Professional beauty catalogue reference photo, photorealistic, shot on a full-frame camera with an 85 mm lens. Plain warm light-grey studio background, soft even front lighting, natural skin texture, true-to-life colours. No text, no watermark, no logo."
hair_women_beach_waves,Beach Waves,Hairstyle,women,front,1024x1536,hair_women_beach_waves-front.jpg,"Subject: a woman in her 30s with deep brown skin and black hair. Hairstyle: loose, tousled, textured beach waves with a relaxed, undone finish, in the person's natural hair colour. Head and shoulders, centred, facing the camera and looking into the lens, relaxed natural expression. The whole head and all of the hair are visible, with clear space above the top of the head. Simple black crew-neck top, no jewellery, no hat, no glasses, no hands near the face. Professional beauty catalogue reference photo, photorealistic, shot on a full-frame camera with an 85 mm lens. Plain warm light-grey studio background, soft even front lighting, natural skin texture, true-to-life colours. No text, no watermark, no logo."
hair_women_beach_waves,Beach Waves,Hairstyle,women,side,1024x1536,hair_women_beach_waves-side.jpg,"Subject: a woman in her 30s with deep brown skin and black hair. Hairstyle: loose, tousled, textured beach waves with a relaxed, undone finish, in the person's natural hair colour. Head and shoulders, centred, facing the camera and looking into the lens, relaxed natural expression. The whole head and all of the hair are visible, with clear space above the top of the head. Simple black crew-neck top, no jewellery, no hat, no glasses, no hands near the face. Same person and hairstyle in a side profile view (facing left, 90 degrees), whole head and hair visible. Professional beauty catalogue reference photo, photorealistic, shot on a full-frame camera with an 85 mm lens. Plain warm light-grey studio background, soft even front lighting, natural skin texture, true-to-life colours. No text, no watermark, no logo."
hair_women_beach_waves,Beach Waves,Hairstyle,women,back,1024x1536,hair_women_beach_waves-back.jpg,"Subject: a woman in her 30s with deep brown skin and black hair. Hairstyle: loose, tousled, textured beach waves with a relaxed, undone finish, in the person's natural hair colour. Head and shoulders, centred, facing the camera and looking into the lens, relaxed natural expression. The whole head and all of the hair are visible, with clear space above the top of the head. Simple black crew-neck top, no jewellery, no hat, no glasses, no hands near the face. Same person and hairstyle seen from behind, showing the back and sides of the hairstyle, whole head visible. Professional beauty catalogue reference photo, photorealistic, shot on a full-frame camera with an 85 mm lens. Plain warm light-grey studio background, soft even front lighting, natural skin texture, true-to-life colours. No text, no watermark, no logo."
hair_women_glamour_waves,Glamour Waves,Hairstyle,women,front,1024x1536,hair_women_glamour_waves-front.jpg,"Subject: a woman in her late 20s with light skin, warm undertones and natural brown hair. Hairstyle: long, glossy, voluminous S-shaped waves with soft face-framing layers, in the person's natural hair colour. Head and shoulders, centred, facing the camera and looking into the lens, relaxed natural expression. The whole head and all of the hair are visible, with clear space above the top of the head. Simple black crew-neck top, no jewellery, no hat, no glasses, no hands near the face. Professional beauty catalogue reference photo, photorealistic, shot on a full-frame camera with an 85 mm lens. Plain warm light-grey studio background, soft even front lighting, natural skin texture, true-to-life colours. No text, no watermark, no logo."
hair_women_glamour_waves,Glamour Waves,Hairstyle,women,side,1024x1536,hair_women_glamour_waves-side.jpg,"Subject: a woman in her late 20s with light skin, warm undertones and natural brown hair. Hairstyle: long, glossy, voluminous S-shaped waves with soft face-framing layers, in the person's natural hair colour. Head and shoulders, centred, facing the camera and looking into the lens, relaxed natural expression. The whole head and all of the hair are visible, with clear space above the top of the head. Simple black crew-neck top, no jewellery, no hat, no glasses, no hands near the face. Same person and hairstyle in a side profile view (facing left, 90 degrees), whole head and hair visible. Professional beauty catalogue reference photo, photorealistic, shot on a full-frame camera with an 85 mm lens. Plain warm light-grey studio background, soft even front lighting, natural skin texture, true-to-life colours. No text, no watermark, no logo."
hair_women_glamour_waves,Glamour Waves,Hairstyle,women,back,1024x1536,hair_women_glamour_waves-back.jpg,"Subject: a woman in her late 20s with light skin, warm undertones and natural brown hair. Hairstyle: long, glossy, voluminous S-shaped waves with soft face-framing layers, in the person's natural hair colour. Head and shoulders, centred, facing the camera and looking into the lens, relaxed natural expression. The whole head and all of the hair are visible, with clear space above the top of the head. Simple black crew-neck top, no jewellery, no hat, no glasses, no hands near the face. Same person and hairstyle seen from behind, showing the back and sides of the hairstyle, whole head visible. Professional beauty catalogue reference photo, photorealistic, shot on a full-frame camera with an 85 mm lens. Plain warm light-grey studio background, soft even front lighting, natural skin texture, true-to-life colours. No text, no watermark, no logo."
hair_women_soft_curls,Soft Curls,Hairstyle,women,front,1024x1536,hair_women_soft_curls-front.jpg,"Subject: a woman in her 30s with medium olive skin and dark brown hair. Hairstyle: soft, defined curls from mid-length to the ends with a smooth, bouncy finish, in the person's natural hair colour. Head and shoulders, centred, facing the camera and looking into the lens, relaxed natural expression. The whole head and all of the hair are visible, with clear space above the top of the head. Simple black crew-neck top, no jewellery, no hat, no glasses, no hands near the face. Professional beauty catalogue reference photo, photorealistic, shot on a full-frame camera with an 85 mm lens. Plain warm light-grey studio background, soft even front lighting, natural skin texture, true-to-life colours. No text, no watermark, no logo."
hair_women_soft_curls,Soft Curls,Hairstyle,women,side,1024x1536,hair_women_soft_curls-side.jpg,"Subject: a woman in her 30s with medium olive skin and dark brown hair. Hairstyle: soft, defined curls from mid-length to the ends with a smooth, bouncy finish, in the person's natural hair colour. Head and shoulders, centred, facing the camera and looking into the lens, relaxed natural expression. The whole head and all of the hair are visible, with clear space above the top of the head. Simple black crew-neck top, no jewellery, no hat, no glasses, no hands near the face. Same person and hairstyle in a side profile view (facing left, 90 degrees), whole head and hair visible. Professional beauty catalogue reference photo, photorealistic, shot on a full-frame camera with an 85 mm lens. Plain warm light-grey studio background, soft even front lighting, natural skin texture, true-to-life colours. No text, no watermark, no logo."
hair_women_soft_curls,Soft Curls,Hairstyle,women,back,1024x1536,hair_women_soft_curls-back.jpg,"Subject: a woman in her 30s with medium olive skin and dark brown hair. Hairstyle: soft, defined curls from mid-length to the ends with a smooth, bouncy finish, in the person's natural hair colour. Head and shoulders, centred, facing the camera and looking into the lens, relaxed natural expression. The whole head and all of the hair are visible, with clear space above the top of the head. Simple black crew-neck top, no jewellery, no hat, no glasses, no hands near the face. Same person and hairstyle seen from behind, showing the back and sides of the hairstyle, whole head visible. Professional beauty catalogue reference photo, photorealistic, shot on a full-frame camera with an 85 mm lens. Plain warm light-grey studio background, soft even front lighting, natural skin texture, true-to-life colours. No text, no watermark, no logo."
hair_women_defined_curls,Defined Curls,Hairstyle,women,front,1024x1536,hair_women_defined_curls-front.jpg,"Subject: a woman in her 20s with deep brown skin and naturally coily black hair. Hairstyle: pronounced, defined curls all over with full volume and minimal frizz, in the person's natural hair colour. Head and shoulders, centred, facing the camera and looking into the lens, relaxed natural expression. The whole head and all of the hair are visible, with clear space above the top of the head. Simple black crew-neck top, no jewellery, no hat, no glasses, no hands near the face. Professional beauty catalogue reference photo, photorealistic, shot on a full-frame camera with an 85 mm lens. Plain warm light-grey studio background, soft even front lighting, natural skin texture, true-to-life colours. No text, no watermark, no logo."
hair_women_defined_curls,Defined Curls,Hairstyle,women,side,1024x1536,hair_women_defined_curls-side.jpg,"Subject: a woman in her 20s with deep brown skin and naturally coily black hair. Hairstyle: pronounced, defined curls all over with full volume and minimal frizz, in the person's natural hair colour. Head and shoulders, centred, facing the camera and looking into the lens, relaxed natural expression. The whole head and all of the hair are visible, with clear space above the top of the head. Simple black crew-neck top, no jewellery, no hat, no glasses, no hands near the face. Same person and hairstyle in a side profile view (facing left, 90 degrees), whole head and hair visible. Professional beauty catalogue reference photo, photorealistic, shot on a full-frame camera with an 85 mm lens. Plain warm light-grey studio background, soft even front lighting, natural skin texture, true-to-life colours. No text, no watermark, no logo."
hair_women_defined_curls,Defined Curls,Hairstyle,women,back,1024x1536,hair_women_defined_curls-back.jpg,"Subject: a woman in her 20s with deep brown skin and naturally coily black hair. Hairstyle: pronounced, defined curls all over with full volume and minimal frizz, in the person's natural hair colour. Head and shoulders, centred, facing the camera and looking into the lens, relaxed natural expression. The whole head and all of the hair are visible, with clear space above the top of the head. Simple black crew-neck top, no jewellery, no hat, no glasses, no hands near the face. Same person and hairstyle seen from behind, showing the back and sides of the hairstyle, whole head visible. Professional beauty catalogue reference photo, photorealistic, shot on a full-frame camera with an 85 mm lens. Plain warm light-grey studio background, soft even front lighting, natural skin texture, true-to-life colours. No text, no watermark, no logo."
hair_women_curtain_bangs,Curtain Bangs,Hairstyle,women,front,1024x1536,hair_women_curtain_bangs-front.jpg,"Subject: a woman in her 40s with fair skin, cool undertones and light brown hair. Hairstyle: soft curtain bangs parted in the centre, sweeping to frame the cheekbones and blending into layers, in the person's natural hair colour. Head and shoulders, centred, facing the camera and looking into the lens, relaxed natural expression. The whole head and all of the hair are visible, with clear space above the top of the head. Simple black crew-neck top, no jewellery, no hat, no glasses, no hands near the face. Professional beauty catalogue reference photo, photorealistic, shot on a full-frame camera with an 85 mm lens. Plain warm light-grey studio background, soft even front lighting, natural skin texture, true-to-life colours. No text, no watermark, no logo."
hair_women_curtain_bangs,Curtain Bangs,Hairstyle,women,side,1024x1536,hair_women_curtain_bangs-side.jpg,"Subject: a woman in her 40s with fair skin, cool undertones and light brown hair. Hairstyle: soft curtain bangs parted in the centre, sweeping to frame the cheekbones and blending into layers, in the person's natural hair colour. Head and shoulders, centred, facing the camera and looking into the lens, relaxed natural expression. The whole head and all of the hair are visible, with clear space above the top of the head. Simple black crew-neck top, no jewellery, no hat, no glasses, no hands near the face. Same person and hairstyle in a side profile view (facing left, 90 degrees), whole head and hair visible. Professional beauty catalogue reference photo, photorealistic, shot on a full-frame camera with an 85 mm lens. Plain warm light-grey studio background, soft even front lighting, natural skin texture, true-to-life colours. No text, no watermark, no logo."
hair_women_curtain_bangs,Curtain Bangs,Hairstyle,women,back,1024x1536,hair_women_curtain_bangs-back.jpg,"Subject: a woman in her 40s with fair skin, cool undertones and light brown hair. Hairstyle: soft curtain bangs parted in the centre, sweeping to frame the cheekbones and blending into layers, in the person's natural hair colour. Head and shoulders, centred, facing the camera and looking into the lens, relaxed natural expression. The whole head and all of the hair are visible, with clear space above the top of the head. Simple black crew-neck top, no jewellery, no hat, no glasses, no hands near the face. Same person and hairstyle seen from behind, showing the back and sides of the hairstyle, whole head visible. Professional beauty catalogue reference photo, photorealistic, shot on a full-frame camera with an 85 mm lens. Plain warm light-grey studio background, soft even front lighting, natural skin texture, true-to-life colours. No text, no watermark, no logo."
hair_women_wispy_bangs,Wispy Bangs,Hairstyle,women,front,1024x1536,hair_women_wispy_bangs-front.jpg,"Subject: a woman in her 30s with light-medium skin, freckles and auburn-brown hair. Hairstyle: a light, airy, see-through fringe falling to the eyebrows, the rest of the hair unchanged, in the person's natural hair colour. Head and shoulders, centred, facing the camera and looking into the lens, relaxed natural expression. The whole head and all of the hair are visible, with clear space above the top of the head. Simple black crew-neck top, no jewellery, no hat, no glasses, no hands near the face. Professional beauty catalogue reference photo, photorealistic, shot on a full-frame camera with an 85 mm lens. Plain warm light-grey studio background, soft even front lighting, natural skin texture, true-to-life colours. No text, no watermark, no logo."
hair_women_wispy_bangs,Wispy Bangs,Hairstyle,women,side,1024x1536,hair_women_wispy_bangs-side.jpg,"Subject: a woman in her 30s with light-medium skin, freckles and auburn-brown hair. Hairstyle: a light, airy, see-through fringe falling to the eyebrows, the rest of the hair unchanged, in the person's natural hair colour. Head and shoulders, centred, facing the camera and looking into the lens, relaxed natural expression. The whole head and all of the hair are visible, with clear space above the top of the head. Simple black crew-neck top, no jewellery, no hat, no glasses, no hands near the face. Same person and hairstyle in a side profile view (facing left, 90 degrees), whole head and hair visible. Professional beauty catalogue reference photo, photorealistic, shot on a full-frame camera with an 85 mm lens. Plain warm light-grey studio background, soft even front lighting, natural skin texture, true-to-life colours. No text, no watermark, no logo."
hair_women_wispy_bangs,Wispy Bangs,Hairstyle,women,back,1024x1536,hair_women_wispy_bangs-back.jpg,"Subject: a woman in her 30s with light-medium skin, freckles and auburn-brown hair. Hairstyle: a light, airy, see-through fringe falling to the eyebrows, the rest of the hair unchanged, in the person's natural hair colour. Head and shoulders, centred, facing the camera and looking into the lens, relaxed natural expression. The whole head and all of the hair are visible, with clear space above the top of the head. Simple black crew-neck top, no jewellery, no hat, no glasses, no hands near the face. Same person and hairstyle seen from behind, showing the back and sides of the hairstyle, whole head visible. Professional beauty catalogue reference photo, photorealistic, shot on a full-frame camera with an 85 mm lens. Plain warm light-grey studio background, soft even front lighting, natural skin texture, true-to-life colours. No text, no watermark, no logo."
hair_women_blunt_bangs,Blunt Bangs,Hairstyle,women,front,1024x1536,hair_women_blunt_bangs-front.jpg,"Subject: a woman in her 30s with deep brown skin and black hair. Hairstyle: a straight, blunt, eyebrow-length fringe with a clean edge, in the person's natural hair colour. Head and shoulders, centred, facing the camera and looking into the lens, relaxed natural expression. The whole head and all of the hair are visible, with clear space above the top of the head. Simple black crew-neck top, no jewellery, no hat, no glasses, no hands near the face. Professional beauty catalogue reference photo, photorealistic, shot on a full-frame camera with an 85 mm lens. Plain warm light-grey studio background, soft even front lighting, natural skin texture, true-to-life colours. No text, no watermark, no logo."
hair_women_blunt_bangs,Blunt Bangs,Hairstyle,women,side,1024x1536,hair_women_blunt_bangs-side.jpg,"Subject: a woman in her 30s with deep brown skin and black hair. Hairstyle: a straight, blunt, eyebrow-length fringe with a clean edge, in the person's natural hair colour. Head and shoulders, centred, facing the camera and looking into the lens, relaxed natural expression. The whole head and all of the hair are visible, with clear space above the top of the head. Simple black crew-neck top, no jewellery, no hat, no glasses, no hands near the face. Same person and hairstyle in a side profile view (facing left, 90 degrees), whole head and hair visible. Professional beauty catalogue reference photo, photorealistic, shot on a full-frame camera with an 85 mm lens. Plain warm light-grey studio background, soft even front lighting, natural skin texture, true-to-life colours. No text, no watermark, no logo."
hair_women_blunt_bangs,Blunt Bangs,Hairstyle,women,back,1024x1536,hair_women_blunt_bangs-back.jpg,"Subject: a woman in her 30s with deep brown skin and black hair. Hairstyle: a straight, blunt, eyebrow-length fringe with a clean edge, in the person's natural hair colour. Head and shoulders, centred, facing the camera and looking into the lens, relaxed natural expression. The whole head and all of the hair are visible, with clear space above the top of the head. Simple black crew-neck top, no jewellery, no hat, no glasses, no hands near the face. Same person and hairstyle seen from behind, showing the back and sides of the hairstyle, whole head visible. Professional beauty catalogue reference photo, photorealistic, shot on a full-frame camera with an 85 mm lens. Plain warm light-grey studio background, soft even front lighting, natural skin texture, true-to-life colours. No text, no watermark, no logo."
hair_women_side_swept_bangs,Side-Swept Bangs,Hairstyle,women,front,1024x1536,hair_women_side_swept_bangs-front.jpg,"Subject: a woman in her late 20s with light skin, warm undertones and natural brown hair. Hairstyle: a long fringe swept diagonally across the forehead to one side, in the person's natural hair colour. Head and shoulders, centred, facing the camera and looking into the lens, relaxed natural expression. The whole head and all of the hair are visible, with clear space above the top of the head. Simple black crew-neck top, no jewellery, no hat, no glasses, no hands near the face. Professional beauty catalogue reference photo, photorealistic, shot on a full-frame camera with an 85 mm lens. Plain warm light-grey studio background, soft even front lighting, natural skin texture, true-to-life colours. No text, no watermark, no logo."
hair_women_side_swept_bangs,Side-Swept Bangs,Hairstyle,women,side,1024x1536,hair_women_side_swept_bangs-side.jpg,"Subject: a woman in her late 20s with light skin, warm undertones and natural brown hair. Hairstyle: a long fringe swept diagonally across the forehead to one side, in the person's natural hair colour. Head and shoulders, centred, facing the camera and looking into the lens, relaxed natural expression. The whole head and all of the hair are visible, with clear space above the top of the head. Simple black crew-neck top, no jewellery, no hat, no glasses, no hands near the face. Same person and hairstyle in a side profile view (facing left, 90 degrees), whole head and hair visible. Professional beauty catalogue reference photo, photorealistic, shot on a full-frame camera with an 85 mm lens. Plain warm light-grey studio background, soft even front lighting, natural skin texture, true-to-life colours. No text, no watermark, no logo."
hair_women_side_swept_bangs,Side-Swept Bangs,Hairstyle,women,back,1024x1536,hair_women_side_swept_bangs-back.jpg,"Subject: a woman in her late 20s with light skin, warm undertones and natural brown hair. Hairstyle: a long fringe swept diagonally across the forehead to one side, in the person's natural hair colour. Head and shoulders, centred, facing the camera and looking into the lens, relaxed natural expression. The whole head and all of the hair are visible, with clear space above the top of the head. Simple black crew-neck top, no jewellery, no hat, no glasses, no hands near the face. Same person and hairstyle seen from behind, showing the back and sides of the hairstyle, whole head visible. Professional beauty catalogue reference photo, photorealistic, shot on a full-frame camera with an 85 mm lens. Plain warm light-grey studio background, soft even front lighting, natural skin texture, true-to-life colours. No text, no watermark, no logo."
hair_women_high_ponytail,High Ponytail,Hairstyle,women,front,1024x1536,hair_women_high_ponytail-front.jpg,"Subject: a woman in her 30s with medium olive skin and dark brown hair. Hairstyle: hair gathered smoothly into a high ponytail at the crown, in the person's natural hair colour. Head and shoulders, centred, facing the camera and looking into the lens, relaxed natural expression. The whole head and all of the hair are visible, with clear space above the top of the head. Simple black crew-neck top, no jewellery, no hat, no glasses, no hands near the face. Professional beauty catalogue reference photo, photorealistic, shot on a full-frame camera with an 85 mm lens. Plain warm light-grey studio background, soft even front lighting, natural skin texture, true-to-life colours. No text, no watermark, no logo."
hair_women_high_ponytail,High Ponytail,Hairstyle,women,side,1024x1536,hair_women_high_ponytail-side.jpg,"Subject: a woman in her 30s with medium olive skin and dark brown hair. Hairstyle: hair gathered smoothly into a high ponytail at the crown, in the person's natural hair colour. Head and shoulders, centred, facing the camera and looking into the lens, relaxed natural expression. The whole head and all of the hair are visible, with clear space above the top of the head. Simple black crew-neck top, no jewellery, no hat, no glasses, no hands near the face. Same person and hairstyle in a side profile view (facing left, 90 degrees), whole head and hair visible. Professional beauty catalogue reference photo, photorealistic, shot on a full-frame camera with an 85 mm lens. Plain warm light-grey studio background, soft even front lighting, natural skin texture, true-to-life colours. No text, no watermark, no logo."
hair_women_high_ponytail,High Ponytail,Hairstyle,women,back,1024x1536,hair_women_high_ponytail-back.jpg,"Subject: a woman in her 30s with medium olive skin and dark brown hair. Hairstyle: hair gathered smoothly into a high ponytail at the crown, in the person's natural hair colour. Head and shoulders, centred, facing the camera and looking into the lens, relaxed natural expression. The whole head and all of the hair are visible, with clear space above the top of the head. Simple black crew-neck top, no jewellery, no hat, no glasses, no hands near the face. Same person and hairstyle seen from behind, showing the back and sides of the hairstyle, whole head visible. Professional beauty catalogue reference photo, photorealistic, shot on a full-frame camera with an 85 mm lens. Plain warm light-grey studio background, soft even front lighting, natural skin texture, true-to-life colours. No text, no watermark, no logo."
hair_women_low_ponytail,Low Ponytail,Hairstyle,women,front,1024x1536,hair_women_low_ponytail-front.jpg,"Subject: a woman in her 20s with tan skin and black hair. Hairstyle: hair gathered into a neat low ponytail at the nape with a smooth top, in the person's natural hair colour. Head and shoulders, centred, facing the camera and looking into the lens, relaxed natural expression. The whole head and all of the hair are visible, with clear space above the top of the head. Simple black crew-neck top, no jewellery, no hat, no glasses, no hands near the face. Professional beauty catalogue reference photo, photorealistic, shot on a full-frame camera with an 85 mm lens. Plain warm light-grey studio background, soft even front lighting, natural skin texture, true-to-life colours. No text, no watermark, no logo."
hair_women_low_ponytail,Low Ponytail,Hairstyle,women,side,1024x1536,hair_women_low_ponytail-side.jpg,"Subject: a woman in her 20s with tan skin and black hair. Hairstyle: hair gathered into a neat low ponytail at the nape with a smooth top, in the person's natural hair colour. Head and shoulders, centred, facing the camera and looking into the lens, relaxed natural expression. The whole head and all of the hair are visible, with clear space above the top of the head. Simple black crew-neck top, no jewellery, no hat, no glasses, no hands near the face. Same person and hairstyle in a side profile view (facing left, 90 degrees), whole head and hair visible. Professional beauty catalogue reference photo, photorealistic, shot on a full-frame camera with an 85 mm lens. Plain warm light-grey studio background, soft even front lighting, natural skin texture, true-to-life colours. No text, no watermark, no logo."
hair_women_low_ponytail,Low Ponytail,Hairstyle,women,back,1024x1536,hair_women_low_ponytail-back.jpg,"Subject: a woman in her 20s with tan skin and black hair. Hairstyle: hair gathered into a neat low ponytail at the nape with a smooth top, in the person's natural hair colour. Head and shoulders, centred, facing the camera and looking into the lens, relaxed natural expression. The whole head and all of the hair are visible, with clear space above the top of the head. Simple black crew-neck top, no jewellery, no hat, no glasses, no hands near the face. Same person and hairstyle seen from behind, showing the back and sides of the hairstyle, whole head visible. Professional beauty catalogue reference photo, photorealistic, shot on a full-frame camera with an 85 mm lens. Plain warm light-grey studio background, soft even front lighting, natural skin texture, true-to-life colours. No text, no watermark, no logo."
hair_women_messy_bun,Messy Bun,Hairstyle,women,front,1024x1536,hair_women_messy_bun-front.jpg,"Subject: a woman in her 40s with fair skin, cool undertones and light brown hair. Hairstyle: a casual, loose messy bun at the crown with a few soft face-framing strands, in the person's natural hair colour. Head and shoulders, centred, facing the camera and looking into the lens, relaxed natural expression. The whole head and all of the hair are visible, with clear space above the top of the head. Simple black crew-neck top, no jewellery, no hat, no glasses, no hands near the face. Professional beauty catalogue reference photo, photorealistic, shot on a full-frame camera with an 85 mm lens. Plain warm light-grey studio background, soft even front lighting, natural skin texture, true-to-life colours. No text, no watermark, no logo."
hair_women_messy_bun,Messy Bun,Hairstyle,women,side,1024x1536,hair_women_messy_bun-side.jpg,"Subject: a woman in her 40s with fair skin, cool undertones and light brown hair. Hairstyle: a casual, loose messy bun at the crown with a few soft face-framing strands, in the person's natural hair colour. Head and shoulders, centred, facing the camera and looking into the lens, relaxed natural expression. The whole head and all of the hair are visible, with clear space above the top of the head. Simple black crew-neck top, no jewellery, no hat, no glasses, no hands near the face. Same person and hairstyle in a side profile view (facing left, 90 degrees), whole head and hair visible. Professional beauty catalogue reference photo, photorealistic, shot on a full-frame camera with an 85 mm lens. Plain warm light-grey studio background, soft even front lighting, natural skin texture, true-to-life colours. No text, no watermark, no logo."
hair_women_messy_bun,Messy Bun,Hairstyle,women,back,1024x1536,hair_women_messy_bun-back.jpg,"Subject: a woman in her 40s with fair skin, cool undertones and light brown hair. Hairstyle: a casual, loose messy bun at the crown with a few soft face-framing strands, in the person's natural hair colour. Head and shoulders, centred, facing the camera and looking into the lens, relaxed natural expression. The whole head and all of the hair are visible, with clear space above the top of the head. Simple black crew-neck top, no jewellery, no hat, no glasses, no hands near the face. Same person and hairstyle seen from behind, showing the back and sides of the hairstyle, whole head visible. Professional beauty catalogue reference photo, photorealistic, shot on a full-frame camera with an 85 mm lens. Plain warm light-grey studio background, soft even front lighting, natural skin texture, true-to-life colours. No text, no watermark, no logo."
hair_women_sleek_bun,Sleek Bun,Hairstyle,women,front,1024x1536,hair_women_sleek_bun-front.jpg,"Subject: a woman in her 30s with light-medium skin, freckles and auburn-brown hair. Hairstyle: a smooth, polished bun at the back of the head with no flyaways, in the person's natural hair colour. Head and shoulders, centred, facing the camera and looking into the lens, relaxed natural expression. The whole head and all of the hair are visible, with clear space above the top of the head. Simple black crew-neck top, no jewellery, no hat, no glasses, no hands near the face. Professional beauty catalogue reference photo, photorealistic, shot on a full-frame camera with an 85 mm lens. Plain warm light-grey studio background, soft even front lighting, natural skin texture, true-to-life colours. No text, no watermark, no logo."
hair_women_sleek_bun,Sleek Bun,Hairstyle,women,side,1024x1536,hair_women_sleek_bun-side.jpg,"Subject: a woman in her 30s with light-medium skin, freckles and auburn-brown hair. Hairstyle: a smooth, polished bun at the back of the head with no flyaways, in the person's natural hair colour. Head and shoulders, centred, facing the camera and looking into the lens, relaxed natural expression. The whole head and all of the hair are visible, with clear space above the top of the head. Simple black crew-neck top, no jewellery, no hat, no glasses, no hands near the face. Same person and hairstyle in a side profile view (facing left, 90 degrees), whole head and hair visible. Professional beauty catalogue reference photo, photorealistic, shot on a full-frame camera with an 85 mm lens. Plain warm light-grey studio background, soft even front lighting, natural skin texture, true-to-life colours. No text, no watermark, no logo."
hair_women_sleek_bun,Sleek Bun,Hairstyle,women,back,1024x1536,hair_women_sleek_bun-back.jpg,"Subject: a woman in her 30s with light-medium skin, freckles and auburn-brown hair. Hairstyle: a smooth, polished bun at the back of the head with no flyaways, in the person's natural hair colour. Head and shoulders, centred, facing the camera and looking into the lens, relaxed natural expression. The whole head and all of the hair are visible, with clear space above the top of the head. Simple black crew-neck top, no jewellery, no hat, no glasses, no hands near the face. Same person and hairstyle seen from behind, showing the back and sides of the hairstyle, whole head visible. Professional beauty catalogue reference photo, photorealistic, shot on a full-frame camera with an 85 mm lens. Plain warm light-grey studio background, soft even front lighting, natural skin texture, true-to-life colours. No text, no watermark, no logo."
hair_women_french_braid,French Braid,Hairstyle,women,front,1024x1536,hair_women_french_braid-front.jpg,"Subject: a woman in her 30s with deep brown skin and black hair. Hairstyle: a classic French braid starting at the hairline and running down the back of the head, in the person's natural hair colour. Head and shoulders, centred, facing the camera and looking into the lens, relaxed natural expression. The whole head and all of the hair are visible, with clear space above the top of the head. Simple black crew-neck top, no jewellery, no hat, no glasses, no hands near the face. Professional beauty catalogue reference photo, photorealistic, shot on a full-frame camera with an 85 mm lens. Plain warm light-grey studio background, soft even front lighting, natural skin texture, true-to-life colours. No text, no watermark, no logo."
hair_women_french_braid,French Braid,Hairstyle,women,side,1024x1536,hair_women_french_braid-side.jpg,"Subject: a woman in her 30s with deep brown skin and black hair. Hairstyle: a classic French braid starting at the hairline and running down the back of the head, in the person's natural hair colour. Head and shoulders, centred, facing the camera and looking into the lens, relaxed natural expression. The whole head and all of the hair are visible, with clear space above the top of the head. Simple black crew-neck top, no jewellery, no hat, no glasses, no hands near the face. Same person and hairstyle in a side profile view (facing left, 90 degrees), whole head and hair visible. Professional beauty catalogue reference photo, photorealistic, shot on a full-frame camera with an 85 mm lens. Plain warm light-grey studio background, soft even front lighting, natural skin texture, true-to-life colours. No text, no watermark, no logo."
hair_women_french_braid,French Braid,Hairstyle,women,back,1024x1536,hair_women_french_braid-back.jpg,"Subject: a woman in her 30s with deep brown skin and black hair. Hairstyle: a classic French braid starting at the hairline and running down the back of the head, in the person's natural hair colour. Head and shoulders, centred, facing the camera and looking into the lens, relaxed natural expression. The whole head and all of the hair are visible, with clear space above the top of the head. Simple black crew-neck top, no jewellery, no hat, no glasses, no hands near the face. Same person and hairstyle seen from behind, showing the back and sides of the hairstyle, whole head visible. Professional beauty catalogue reference photo, photorealistic, shot on a full-frame camera with an 85 mm lens. Plain warm light-grey studio background, soft even front lighting, natural skin texture, true-to-life colours. No text, no watermark, no logo."
hair_women_dutch_braid,Dutch Braid,Hairstyle,women,front,1024x1536,hair_women_dutch_braid-front.jpg,"Subject: a woman in her late 20s with light skin, warm undertones and natural brown hair. Hairstyle: a Dutch braid: an inside-out braid that sits raised along the back of the head, in the person's natural hair colour. Head and shoulders, centred, facing the camera and looking into the lens, relaxed natural expression. The whole head and all of the hair are visible, with clear space above the top of the head. Simple black crew-neck top, no jewellery, no hat, no glasses, no hands near the face. Professional beauty catalogue reference photo, photorealistic, shot on a full-frame camera with an 85 mm lens. Plain warm light-grey studio background, soft even front lighting, natural skin texture, true-to-life colours. No text, no watermark, no logo."
hair_women_dutch_braid,Dutch Braid,Hairstyle,women,side,1024x1536,hair_women_dutch_braid-side.jpg,"Subject: a woman in her late 20s with light skin, warm undertones and natural brown hair. Hairstyle: a Dutch braid: an inside-out braid that sits raised along the back of the head, in the person's natural hair colour. Head and shoulders, centred, facing the camera and looking into the lens, relaxed natural expression. The whole head and all of the hair are visible, with clear space above the top of the head. Simple black crew-neck top, no jewellery, no hat, no glasses, no hands near the face. Same person and hairstyle in a side profile view (facing left, 90 degrees), whole head and hair visible. Professional beauty catalogue reference photo, photorealistic, shot on a full-frame camera with an 85 mm lens. Plain warm light-grey studio background, soft even front lighting, natural skin texture, true-to-life colours. No text, no watermark, no logo."
hair_women_dutch_braid,Dutch Braid,Hairstyle,women,back,1024x1536,hair_women_dutch_braid-back.jpg,"Subject: a woman in her late 20s with light skin, warm undertones and natural brown hair. Hairstyle: a Dutch braid: an inside-out braid that sits raised along the back of the head, in the person's natural hair colour. Head and shoulders, centred, facing the camera and looking into the lens, relaxed natural expression. The whole head and all of the hair are visible, with clear space above the top of the head. Simple black crew-neck top, no jewellery, no hat, no glasses, no hands near the face. Same person and hairstyle seen from behind, showing the back and sides of the hairstyle, whole head visible. Professional beauty catalogue reference photo, photorealistic, shot on a full-frame camera with an 85 mm lens. Plain warm light-grey studio background, soft even front lighting, natural skin texture, true-to-life colours. No text, no watermark, no logo."
hair_women_fishtail_braid,Fishtail Braid,Hairstyle,women,front,1024x1536,hair_women_fishtail_braid-front.jpg,"Subject: a woman in her 30s with medium olive skin and dark brown hair. Hairstyle: a fishtail braid with a fine woven pattern, worn over one shoulder, in the person's natural hair colour. Head and shoulders, centred, facing the camera and looking into the lens, relaxed natural expression. The whole head and all of the hair are visible, with clear space above the top of the head. Simple black crew-neck top, no jewellery, no hat, no glasses, no hands near the face. Professional beauty catalogue reference photo, photorealistic, shot on a full-frame camera with an 85 mm lens. Plain warm light-grey studio background, soft even front lighting, natural skin texture, true-to-life colours. No text, no watermark, no logo."
hair_women_fishtail_braid,Fishtail Braid,Hairstyle,women,side,1024x1536,hair_women_fishtail_braid-side.jpg,"Subject: a woman in her 30s with medium olive skin and dark brown hair. Hairstyle: a fishtail braid with a fine woven pattern, worn over one shoulder, in the person's natural hair colour. Head and shoulders, centred, facing the camera and looking into the lens, relaxed natural expression. The whole head and all of the hair are visible, with clear space above the top of the head. Simple black crew-neck top, no jewellery, no hat, no glasses, no hands near the face. Same person and hairstyle in a side profile view (facing left, 90 degrees), whole head and hair visible. Professional beauty catalogue reference photo, photorealistic, shot on a full-frame camera with an 85 mm lens. Plain warm light-grey studio background, soft even front lighting, natural skin texture, true-to-life colours. No text, no watermark, no logo."
hair_women_fishtail_braid,Fishtail Braid,Hairstyle,women,back,1024x1536,hair_women_fishtail_braid-back.jpg,"Subject: a woman in her 30s with medium olive skin and dark brown hair. Hairstyle: a fishtail braid with a fine woven pattern, worn over one shoulder, in the person's natural hair colour. Head and shoulders, centred, facing the camera and looking into the lens, relaxed natural expression. The whole head and all of the hair are visible, with clear space above the top of the head. Simple black crew-neck top, no jewellery, no hat, no glasses, no hands near the face. Same person and hairstyle seen from behind, showing the back and sides of the hairstyle, whole head visible. Professional beauty catalogue reference photo, photorealistic, shot on a full-frame camera with an 85 mm lens. Plain warm light-grey studio background, soft even front lighting, natural skin texture, true-to-life colours. No text, no watermark, no logo."
hair_women_crown_braid,Crown Braid,Hairstyle,women,front,1024x1536,hair_women_crown_braid-front.jpg,"Subject: a woman in her 20s with tan skin and black hair. Hairstyle: a braid wrapped around the head like a crown, with soft loose strands, in the person's natural hair colour. Head and shoulders, centred, facing the camera and looking into the lens, relaxed natural expression. The whole head and all of the hair are visible, with clear space above the top of the head. Simple black crew-neck top, no jewellery, no hat, no glasses, no hands near the face. Professional beauty catalogue reference photo, photorealistic, shot on a full-frame camera with an 85 mm lens. Plain warm light-grey studio background, soft even front lighting, natural skin texture, true-to-life colours. No text, no watermark, no logo."
hair_women_crown_braid,Crown Braid,Hairstyle,women,side,1024x1536,hair_women_crown_braid-side.jpg,"Subject: a woman in her 20s with tan skin and black hair. Hairstyle: a braid wrapped around the head like a crown, with soft loose strands, in the person's natural hair colour. Head and shoulders, centred, facing the camera and looking into the lens, relaxed natural expression. The whole head and all of the hair are visible, with clear space above the top of the head. Simple black crew-neck top, no jewellery, no hat, no glasses, no hands near the face. Same person and hairstyle in a side profile view (facing left, 90 degrees), whole head and hair visible. Professional beauty catalogue reference photo, photorealistic, shot on a full-frame camera with an 85 mm lens. Plain warm light-grey studio background, soft even front lighting, natural skin texture, true-to-life colours. No text, no watermark, no logo."
hair_women_crown_braid,Crown Braid,Hairstyle,women,back,1024x1536,hair_women_crown_braid-back.jpg,"Subject: a woman in her 20s with tan skin and black hair. Hairstyle: a braid wrapped around the head like a crown, with soft loose strands, in the person's natural hair colour. Head and shoulders, centred, facing the camera and looking into the lens, relaxed natural expression. The whole head and all of the hair are visible, with clear space above the top of the head. Simple black crew-neck top, no jewellery, no hat, no glasses, no hands near the face. Same person and hairstyle seen from behind, showing the back and sides of the hairstyle, whole head visible. Professional beauty catalogue reference photo, photorealistic, shot on a full-frame camera with an 85 mm lens. Plain warm light-grey studio background, soft even front lighting, natural skin texture, true-to-life colours. No text, no watermark, no logo."
hair_women_braided_updo,Braided Updo,Hairstyle,women,front,1024x1536,hair_women_braided_updo-front.jpg,"Subject: a woman in her 40s with fair skin, cool undertones and light brown hair. Hairstyle: an elegant braided updo gathered at the back with soft loose tendrils, in the person's natural hair colour. Head and shoulders, centred, facing the camera and looking into the lens, relaxed natural expression. The whole head and all of the hair are visible, with clear space above the top of the head. Simple black crew-neck top, no jewellery, no hat, no glasses, no hands near the face. Professional beauty catalogue reference photo, photorealistic, shot on a full-frame camera with an 85 mm lens. Plain warm light-grey studio background, soft even front lighting, natural skin texture, true-to-life colours. No text, no watermark, no logo."
hair_women_braided_updo,Braided Updo,Hairstyle,women,side,1024x1536,hair_women_braided_updo-side.jpg,"Subject: a woman in her 40s with fair skin, cool undertones and light brown hair. Hairstyle: an elegant braided updo gathered at the back with soft loose tendrils, in the person's natural hair colour. Head and shoulders, centred, facing the camera and looking into the lens, relaxed natural expression. The whole head and all of the hair are visible, with clear space above the top of the head. Simple black crew-neck top, no jewellery, no hat, no glasses, no hands near the face. Same person and hairstyle in a side profile view (facing left, 90 degrees), whole head and hair visible. Professional beauty catalogue reference photo, photorealistic, shot on a full-frame camera with an 85 mm lens. Plain warm light-grey studio background, soft even front lighting, natural skin texture, true-to-life colours. No text, no watermark, no logo."
hair_women_braided_updo,Braided Updo,Hairstyle,women,back,1024x1536,hair_women_braided_updo-back.jpg,"Subject: a woman in her 40s with fair skin, cool undertones and light brown hair. Hairstyle: an elegant braided updo gathered at the back with soft loose tendrils, in the person's natural hair colour. Head and shoulders, centred, facing the camera and looking into the lens, relaxed natural expression. The whole head and all of the hair are visible, with clear space above the top of the head. Simple black crew-neck top, no jewellery, no hat, no glasses, no hands near the face. Same person and hairstyle seen from behind, showing the back and sides of the hairstyle, whole head visible. Professional beauty catalogue reference photo, photorealistic, shot on a full-frame camera with an 85 mm lens. Plain warm light-grey studio background, soft even front lighting, natural skin texture, true-to-life colours. No text, no watermark, no logo."
hair_women_bridal_updo,Bridal Updo,Hairstyle,women,front,1024x1536,hair_women_bridal_updo-front.jpg,"Subject: a woman in her 30s with light-medium skin, freckles and auburn-brown hair. Hairstyle: a formal bridal updo: hair gathered into a smooth, sculpted low updo with soft face-framing tendrils, in the person's natural hair colour. Head and shoulders, centred, facing the camera and looking into the lens, relaxed natural expression. The whole head and all of the hair are visible, with clear space above the top of the head. Simple black crew-neck top, no jewellery, no hat, no glasses, no hands near the face. Professional beauty catalogue reference photo, photorealistic, shot on a full-frame camera with an 85 mm lens. Plain warm light-grey studio background, soft even front lighting, natural skin texture, true-to-life colours. No text, no watermark, no logo."
hair_women_bridal_updo,Bridal Updo,Hairstyle,women,side,1024x1536,hair_women_bridal_updo-side.jpg,"Subject: a woman in her 30s with light-medium skin, freckles and auburn-brown hair. Hairstyle: a formal bridal updo: hair gathered into a smooth, sculpted low updo with soft face-framing tendrils, in the person's natural hair colour. Head and shoulders, centred, facing the camera and looking into the lens, relaxed natural expression. The whole head and all of the hair are visible, with clear space above the top of the head. Simple black crew-neck top, no jewellery, no hat, no glasses, no hands near the face. Same person and hairstyle in a side profile view (facing left, 90 degrees), whole head and hair visible. Professional beauty catalogue reference photo, photorealistic, shot on a full-frame camera with an 85 mm lens. Plain warm light-grey studio background, soft even front lighting, natural skin texture, true-to-life colours. No text, no watermark, no logo."
hair_women_bridal_updo,Bridal Updo,Hairstyle,women,back,1024x1536,hair_women_bridal_updo-back.jpg,"Subject: a woman in her 30s with light-medium skin, freckles and auburn-brown hair. Hairstyle: a formal bridal updo: hair gathered into a smooth, sculpted low updo with soft face-framing tendrils, in the person's natural hair colour. Head and shoulders, centred, facing the camera and looking into the lens, relaxed natural expression. The whole head and all of the hair are visible, with clear space above the top of the head. Simple black crew-neck top, no jewellery, no hat, no glasses, no hands near the face. Same person and hairstyle seen from behind, showing the back and sides of the hairstyle, whole head visible. Professional beauty catalogue reference photo, photorealistic, shot on a full-frame camera with an 85 mm lens. Plain warm light-grey studio background, soft even front lighting, natural skin texture, true-to-life colours. No text, no watermark, no logo."
hair_women_chignon,Chignon,Hairstyle,women,front,1024x1536,hair_women_chignon-front.jpg,"Subject: a woman in her 30s with deep brown skin and black hair. Hairstyle: a chignon: a low, structured bun at the nape with a smooth, polished top, in the person's natural hair colour. Head and shoulders, centred, facing the camera and looking into the lens, relaxed natural expression. The whole head and all of the hair are visible, with clear space above the top of the head. Simple black crew-neck top, no jewellery, no hat, no glasses, no hands near the face. Professional beauty catalogue reference photo, photorealistic, shot on a full-frame camera with an 85 mm lens. Plain warm light-grey studio background, soft even front lighting, natural skin texture, true-to-life colours. No text, no watermark, no logo."
hair_women_chignon,Chignon,Hairstyle,women,side,1024x1536,hair_women_chignon-side.jpg,"Subject: a woman in her 30s with deep brown skin and black hair. Hairstyle: a chignon: a low, structured bun at the nape with a smooth, polished top, in the person's natural hair colour. Head and shoulders, centred, facing the camera and looking into the lens, relaxed natural expression. The whole head and all of the hair are visible, with clear space above the top of the head. Simple black crew-neck top, no jewellery, no hat, no glasses, no hands near the face. Same person and hairstyle in a side profile view (facing left, 90 degrees), whole head and hair visible. Professional beauty catalogue reference photo, photorealistic, shot on a full-frame camera with an 85 mm lens. Plain warm light-grey studio background, soft even front lighting, natural skin texture, true-to-life colours. No text, no watermark, no logo."
hair_women_chignon,Chignon,Hairstyle,women,back,1024x1536,hair_women_chignon-back.jpg,"Subject: a woman in her 30s with deep brown skin and black hair. Hairstyle: a chignon: a low, structured bun at the nape with a smooth, polished top, in the person's natural hair colour. Head and shoulders, centred, facing the camera and looking into the lens, relaxed natural expression. The whole head and all of the hair are visible, with clear space above the top of the head. Simple black crew-neck top, no jewellery, no hat, no glasses, no hands near the face. Same person and hairstyle seen from behind, showing the back and sides of the hairstyle, whole head visible. Professional beauty catalogue reference photo, photorealistic, shot on a full-frame camera with an 85 mm lens. Plain warm light-grey studio background, soft even front lighting, natural skin texture, true-to-life colours. No text, no watermark, no logo."
colour_women_natural_black,Natural Black,Hair colour,women,front,1024x1536,colour_women_natural_black-front.jpg,"Subject: a woman in her 40s with fair skin, cool undertones and light brown hair. Hair: long, soft layered hair falling past the shoulders, coloured a deep, natural-looking black with a soft shine. The colour must be clearly visible in soft daylight. Head and shoulders, centred, facing the camera and looking into the lens, relaxed natural expression. The whole head and all of the hair are visible, with clear space above the top of the head. Simple black crew-neck top, no jewellery, no hat, no glasses, no hands near the face. Professional beauty catalogue reference photo, photorealistic, shot on a full-frame camera with an 85 mm lens. Plain warm light-grey studio background, soft even front lighting, natural skin texture, true-to-life colours. No text, no watermark, no logo."
colour_women_soft_black,Soft Black,Hair colour,women,front,1024x1536,colour_women_soft_black-front.jpg,"Subject: a woman in her 40s with fair skin, cool undertones and light brown hair. Hair: long, soft layered hair falling past the shoulders, coloured a soft black with a hint of brown, less harsh than jet black. The colour must be clearly visible in soft daylight. Head and shoulders, centred, facing the camera and looking into the lens, relaxed natural expression. The whole head and all of the hair are visible, with clear space above the top of the head. Simple black crew-neck top, no jewellery, no hat, no glasses, no hands near the face. Professional beauty catalogue reference photo, photorealistic, shot on a full-frame camera with an 85 mm lens. Plain warm light-grey studio background, soft even front lighting, natural skin texture, true-to-life colours. No text, no watermark, no logo."
colour_women_espresso_brown,Espresso Brown,Hair colour,women,front,1024x1536,colour_women_espresso_brown-front.jpg,"Subject: a woman in her 40s with fair skin, cool undertones and light brown hair. Hair: long, soft layered hair falling past the shoulders, coloured a very deep espresso brown. The colour must be clearly visible in soft daylight. Head and shoulders, centred, facing the camera and looking into the lens, relaxed natural expression. The whole head and all of the hair are visible, with clear space above the top of the head. Simple black crew-neck top, no jewellery, no hat, no glasses, no hands near the face. Professional beauty catalogue reference photo, photorealistic, shot on a full-frame camera with an 85 mm lens. Plain warm light-grey studio background, soft even front lighting, natural skin texture, true-to-life colours. No text, no watermark, no logo."
colour_women_dark_chocolate,Dark Chocolate,Hair colour,women,front,1024x1536,colour_women_dark_chocolate-front.jpg,"Subject: a woman in her 40s with fair skin, cool undertones and light brown hair. Hair: long, soft layered hair falling past the shoulders, coloured a rich dark chocolate brown with warm depth. The colour must be clearly visible in soft daylight. Head and shoulders, centred, facing the camera and looking into the lens, relaxed natural expression. The whole head and all of the hair are visible, with clear space above the top of the head. Simple black crew-neck top, no jewellery, no hat, no glasses, no hands near the face. Professional beauty catalogue reference photo, photorealistic, shot on a full-frame camera with an 85 mm lens. Plain warm light-grey studio background, soft even front lighting, natural skin texture, true-to-life colours. No text, no watermark, no logo."
colour_women_mocha_brown,Mocha Brown,Hair colour,women,front,1024x1536,colour_women_mocha_brown-front.jpg,"Subject: a woman in her 40s with fair skin, cool undertones and light brown hair. Hair: long, soft layered hair falling past the shoulders, coloured a balanced mid mocha brown. The colour must be clearly visible in soft daylight. Head and shoulders, centred, facing the camera and looking into the lens, relaxed natural expression. The whole head and all of the hair are visible, with clear space above the top of the head. Simple black crew-neck top, no jewellery, no hat, no glasses, no hands near the face. Professional beauty catalogue reference photo, photorealistic, shot on a full-frame camera with an 85 mm lens. Plain warm light-grey studio background, soft even front lighting, natural skin texture, true-to-life colours. No text, no watermark, no logo."
colour_women_chestnut_brown,Chestnut Brown,Hair colour,women,front,1024x1536,colour_women_chestnut_brown-front.jpg,"Subject: a woman in her 40s with fair skin, cool undertones and light brown hair. Hair: long, soft layered hair falling past the shoulders, coloured a warm chestnut brown with reddish-gold reflections. The colour must be clearly visible in soft daylight. Head and shoulders, centred, facing the camera and looking into the lens, relaxed natural expression. The whole head and all of the hair are visible, with clear space above the top of the head. Simple black crew-neck top, no jewellery, no hat, no glasses, no hands near the face. Professional beauty catalogue reference photo, photorealistic, shot on a full-frame camera with an 85 mm lens. Plain warm light-grey studio background, soft even front lighting, natural skin texture, true-to-life colours. No text, no watermark, no logo."
colour_women_caramel_balayage,Caramel Balayage,Hair colour,women,front,1024x1536,colour_women_caramel_balayage-front.jpg,"Subject: a woman in her 40s with fair skin, cool undertones and light brown hair. Hair: long, soft layered hair falling past the shoulders, coloured a caramel balayage: hand-painted caramel lightening from mid-lengths to ends, blended into the base. The colour must be clearly visible in soft daylight. Head and shoulders, centred, facing the camera and looking into the lens, relaxed natural expression. The whole head and all of the hair are visible, with clear space above the top of the head. Simple black crew-neck top, no jewellery, no hat, no glasses, no hands near the face. Professional beauty catalogue reference photo, photorealistic, shot on a full-frame camera with an 85 mm lens. Plain warm light-grey studio background, soft even front lighting, natural skin texture, true-to-life colours. No text, no watermark, no logo."
colour_women_honey_blonde,Honey Blonde,Hair colour,women,front,1024x1536,colour_women_honey_blonde-front.jpg,"Subject: a woman in her 40s with fair skin, cool undertones and light brown hair. Hair: long, soft layered hair falling past the shoulders, coloured a golden honey blonde. The colour must be clearly visible in soft daylight. Head and shoulders, centred, facing the camera and looking into the lens, relaxed natural expression. The whole head and all of the hair are visible, with clear space above the top of the head. Simple black crew-neck top, no jewellery, no hat, no glasses, no hands near the face. Professional beauty catalogue reference photo, photorealistic, shot on a full-frame camera with an 85 mm lens. Plain warm light-grey studio background, soft even front lighting, natural skin texture, true-to-life colours. No text, no watermark, no logo."
colour_women_beige_blonde,Beige Blonde,Hair colour,women,front,1024x1536,colour_women_beige_blonde-front.jpg,"Subject: a woman in her 40s with fair skin, cool undertones and light brown hair. Hair: long, soft layered hair falling past the shoulders, coloured a soft beige blonde with neutral tones. The colour must be clearly visible in soft daylight. Head and shoulders, centred, facing the camera and looking into the lens, relaxed natural expression. The whole head and all of the hair are visible, with clear space above the top of the head. Simple black crew-neck top, no jewellery, no hat, no glasses, no hands near the face. Professional beauty catalogue reference photo, photorealistic, shot on a full-frame camera with an 85 mm lens. Plain warm light-grey studio background, soft even front lighting, natural skin texture, true-to-life colours. No text, no watermark, no logo."
colour_women_ash_brown,Ash Brown,Hair colour,women,front,1024x1536,colour_women_ash_brown-front.jpg,"Subject: a woman in her 40s with fair skin, cool undertones and light brown hair. Hair: long, soft layered hair falling past the shoulders, coloured a cool, smoky ash brown with no warmth. The colour must be clearly visible in soft daylight. Head and shoulders, centred, facing the camera and looking into the lens, relaxed natural expression. The whole head and all of the hair are visible, with clear space above the top of the head. Simple black crew-neck top, no jewellery, no hat, no glasses, no hands near the face. Professional beauty catalogue reference photo, photorealistic, shot on a full-frame camera with an 85 mm lens. Plain warm light-grey studio background, soft even front lighting, natural skin texture, true-to-life colours. No text, no watermark, no logo."
colour_women_copper,Copper,Hair colour,women,front,1024x1536,colour_women_copper-front.jpg,"Subject: a woman in her 40s with fair skin, cool undertones and light brown hair. Hair: long, soft layered hair falling past the shoulders, coloured a vivid copper with orange-red tones. The colour must be clearly visible in soft daylight. Head and shoulders, centred, facing the camera and looking into the lens, relaxed natural expression. The whole head and all of the hair are visible, with clear space above the top of the head. Simple black crew-neck top, no jewellery, no hat, no glasses, no hands near the face. Professional beauty catalogue reference photo, photorealistic, shot on a full-frame camera with an 85 mm lens. Plain warm light-grey studio background, soft even front lighting, natural skin texture, true-to-life colours. No text, no watermark, no logo."
colour_women_auburn,Auburn,Hair colour,women,front,1024x1536,colour_women_auburn-front.jpg,"Subject: a woman in her 40s with fair skin, cool undertones and light brown hair. Hair: long, soft layered hair falling past the shoulders, coloured a rich auburn red-brown. The colour must be clearly visible in soft daylight. Head and shoulders, centred, facing the camera and looking into the lens, relaxed natural expression. The whole head and all of the hair are visible, with clear space above the top of the head. Simple black crew-neck top, no jewellery, no hat, no glasses, no hands near the face. Professional beauty catalogue reference photo, photorealistic, shot on a full-frame camera with an 85 mm lens. Plain warm light-grey studio background, soft even front lighting, natural skin texture, true-to-life colours. No text, no watermark, no logo."
colour_women_burgundy,Burgundy,Hair colour,women,front,1024x1536,colour_women_burgundy-front.jpg,"Subject: a woman in her 40s with fair skin, cool undertones and light brown hair. Hair: long, soft layered hair falling past the shoulders, coloured a deep burgundy red-purple. The colour must be clearly visible in soft daylight. Head and shoulders, centred, facing the camera and looking into the lens, relaxed natural expression. The whole head and all of the hair are visible, with clear space above the top of the head. Simple black crew-neck top, no jewellery, no hat, no glasses, no hands near the face. Professional beauty catalogue reference photo, photorealistic, shot on a full-frame camera with an 85 mm lens. Plain warm light-grey studio background, soft even front lighting, natural skin texture, true-to-life colours. No text, no watermark, no logo."
colour_women_rose_brown,Rose Brown,Hair colour,women,front,1024x1536,colour_women_rose_brown-front.jpg,"Subject: a woman in her 40s with fair skin, cool undertones and light brown hair. Hair: long, soft layered hair falling past the shoulders, coloured a brown with muted rose-pink tones. The colour must be clearly visible in soft daylight. Head and shoulders, centred, facing the camera and looking into the lens, relaxed natural expression. The whole head and all of the hair are visible, with clear space above the top of the head. Simple black crew-neck top, no jewellery, no hat, no glasses, no hands near the face. Professional beauty catalogue reference photo, photorealistic, shot on a full-frame camera with an 85 mm lens. Plain warm light-grey studio background, soft even front lighting, natural skin texture, true-to-life colours. No text, no watermark, no logo."
colour_women_platinum_blonde,Platinum Blonde,Hair colour,women,front,1024x1536,colour_women_platinum_blonde-front.jpg,"Subject: a woman in her 40s with fair skin, cool undertones and light brown hair. Hair: long, soft layered hair falling past the shoulders, coloured a very light, icy platinum blonde. The colour must be clearly visible in soft daylight. Head and shoulders, centred, facing the camera and looking into the lens, relaxed natural expression. The whole head and all of the hair are visible, with clear space above the top of the head. Simple black crew-neck top, no jewellery, no hat, no glasses, no hands near the face. Professional beauty catalogue reference photo, photorealistic, shot on a full-frame camera with an 85 mm lens. Plain warm light-grey studio background, soft even front lighting, natural skin texture, true-to-life colours. No text, no watermark, no logo."
colour_women_balayage,Balayage,Hair colour,women,front,1024x1536,colour_women_balayage-front.jpg,"Subject: a woman in her 40s with fair skin, cool undertones and light brown hair. Hair: long, soft layered hair falling past the shoulders, coloured a natural balayage: soft, gradual lighter pieces from mid-lengths to ends, a few shades lighter than the base. The colour must be clearly visible in soft daylight. Head and shoulders, centred, facing the camera and looking into the lens, relaxed natural expression. The whole head and all of the hair are visible, with clear space above the top of the head. Simple black crew-neck top, no jewellery, no hat, no glasses, no hands near the face. Professional beauty catalogue reference photo, photorealistic, shot on a full-frame camera with an 85 mm lens. Plain warm light-grey studio background, soft even front lighting, natural skin texture, true-to-life colours. No text, no watermark, no logo."
colour_women_face_framing_highlights,Face-Framing Highlights,Hair colour,women,front,1024x1536,colour_women_face_framing_highlights-front.jpg,"Subject: a woman in her 40s with fair skin, cool undertones and light brown hair. Hair: long, soft layered hair falling past the shoulders, coloured face-framing highlights: two lighter sections at the front framing the face, the rest of the colour unchanged. The colour must be clearly visible in soft daylight. Head and shoulders, centred, facing the camera and looking into the lens, relaxed natural expression. The whole head and all of the hair are visible, with clear space above the top of the head. Simple black crew-neck top, no jewellery, no hat, no glasses, no hands near the face. Professional beauty catalogue reference photo, photorealistic, shot on a full-frame camera with an 85 mm lens. Plain warm light-grey studio background, soft even front lighting, natural skin texture, true-to-life colours. No text, no watermark, no logo."
colour_men_natural_black,Natural Black,Hair colour,men,front,1024x1536,colour_men_natural_black-front.jpg,"Subject: a man in his late 20s with light skin and natural brown hair. Hair: a short textured crop with 4-5 cm on top and tapered sides, coloured a natural-looking black with a matte finish. The colour must be clearly visible in soft daylight. Head and shoulders, centred, facing the camera and looking into the lens, relaxed natural expression. The whole head and all of the hair are visible, with clear space above the top of the head. Simple black crew-neck top, no jewellery, no hat, no glasses, no hands near the face. Professional beauty catalogue reference photo, photorealistic, shot on a full-frame camera with an 85 mm lens. Plain warm light-grey studio background, soft even front lighting, natural skin texture, true-to-life colours. No text, no watermark, no logo."
colour_men_soft_black,Soft Black,Hair colour,men,front,1024x1536,colour_men_soft_black-front.jpg,"Subject: a man in his late 20s with light skin and natural brown hair. Hair: a short textured crop with 4-5 cm on top and tapered sides, coloured a soft black with a hint of brown. The colour must be clearly visible in soft daylight. Head and shoulders, centred, facing the camera and looking into the lens, relaxed natural expression. The whole head and all of the hair are visible, with clear space above the top of the head. Simple black crew-neck top, no jewellery, no hat, no glasses, no hands near the face. Professional beauty catalogue reference photo, photorealistic, shot on a full-frame camera with an 85 mm lens. Plain warm light-grey studio background, soft even front lighting, natural skin texture, true-to-life colours. No text, no watermark, no logo."
colour_men_dark_brown,Dark Brown,Hair colour,men,front,1024x1536,colour_men_dark_brown-front.jpg,"Subject: a man in his late 20s with light skin and natural brown hair. Hair: a short textured crop with 4-5 cm on top and tapered sides, coloured a deep natural dark brown. The colour must be clearly visible in soft daylight. Head and shoulders, centred, facing the camera and looking into the lens, relaxed natural expression. The whole head and all of the hair are visible, with clear space above the top of the head. Simple black crew-neck top, no jewellery, no hat, no glasses, no hands near the face. Professional beauty catalogue reference photo, photorealistic, shot on a full-frame camera with an 85 mm lens. Plain warm light-grey studio background, soft even front lighting, natural skin texture, true-to-life colours. No text, no watermark, no logo."
colour_men_chocolate_brown,Chocolate Brown,Hair colour,men,front,1024x1536,colour_men_chocolate_brown-front.jpg,"Subject: a man in his late 20s with light skin and natural brown hair. Hair: a short textured crop with 4-5 cm on top and tapered sides, coloured a rich chocolate brown. The colour must be clearly visible in soft daylight. Head and shoulders, centred, facing the camera and looking into the lens, relaxed natural expression. The whole head and all of the hair are visible, with clear space above the top of the head. Simple black crew-neck top, no jewellery, no hat, no glasses, no hands near the face. Professional beauty catalogue reference photo, photorealistic, shot on a full-frame camera with an 85 mm lens. Plain warm light-grey studio background, soft even front lighting, natural skin texture, true-to-life colours. No text, no watermark, no logo."
colour_men_ash_brown,Ash Brown,Hair colour,men,front,1024x1536,colour_men_ash_brown-front.jpg,"Subject: a man in his late 20s with light skin and natural brown hair. Hair: a short textured crop with 4-5 cm on top and tapered sides, coloured a cool ash brown with no warmth. The colour must be clearly visible in soft daylight. Head and shoulders, centred, facing the camera and looking into the lens, relaxed natural expression. The whole head and all of the hair are visible, with clear space above the top of the head. Simple black crew-neck top, no jewellery, no hat, no glasses, no hands near the face. Professional beauty catalogue reference photo, photorealistic, shot on a full-frame camera with an 85 mm lens. Plain warm light-grey studio background, soft even front lighting, natural skin texture, true-to-life colours. No text, no watermark, no logo."
colour_men_chestnut_brown,Chestnut Brown,Hair colour,men,front,1024x1536,colour_men_chestnut_brown-front.jpg,"Subject: a man in his late 20s with light skin and natural brown hair. Hair: a short textured crop with 4-5 cm on top and tapered sides, coloured a warm chestnut brown. The colour must be clearly visible in soft daylight. Head and shoulders, centred, facing the camera and looking into the lens, relaxed natural expression. The whole head and all of the hair are visible, with clear space above the top of the head. Simple black crew-neck top, no jewellery, no hat, no glasses, no hands near the face. Professional beauty catalogue reference photo, photorealistic, shot on a full-frame camera with an 85 mm lens. Plain warm light-grey studio background, soft even front lighting, natural skin texture, true-to-life colours. No text, no watermark, no logo."
colour_men_caramel_highlights,Caramel Highlights,Hair colour,men,front,1024x1536,colour_men_caramel_highlights-front.jpg,"Subject: a man in his late 20s with light skin and natural brown hair. Hair: a short textured crop with 4-5 cm on top and tapered sides, coloured subtle caramel highlights on the top section only, blended into the base colour. The colour must be clearly visible in soft daylight. Head and shoulders, centred, facing the camera and looking into the lens, relaxed natural expression. The whole head and all of the hair are visible, with clear space above the top of the head. Simple black crew-neck top, no jewellery, no hat, no glasses, no hands near the face. Professional beauty catalogue reference photo, photorealistic, shot on a full-frame camera with an 85 mm lens. Plain warm light-grey studio background, soft even front lighting, natural skin texture, true-to-life colours. No text, no watermark, no logo."
colour_men_salt_and_pepper,Salt and Pepper,Hair colour,men,front,1024x1536,colour_men_salt_and_pepper-front.jpg,"Subject: a man in his late 20s with light skin and natural brown hair. Hair: a short textured crop with 4-5 cm on top and tapered sides, coloured a salt-and-pepper mix of dark hair and grey strands. The colour must be clearly visible in soft daylight. Head and shoulders, centred, facing the camera and looking into the lens, relaxed natural expression. The whole head and all of the hair are visible, with clear space above the top of the head. Simple black crew-neck top, no jewellery, no hat, no glasses, no hands near the face. Professional beauty catalogue reference photo, photorealistic, shot on a full-frame camera with an 85 mm lens. Plain warm light-grey studio background, soft even front lighting, natural skin texture, true-to-life colours. No text, no watermark, no logo."
colour_men_silver_gray,Silver Gray,Hair colour,men,front,1024x1536,colour_men_silver_gray-front.jpg,"Subject: a man in his late 20s with light skin and natural brown hair. Hair: a short textured crop with 4-5 cm on top and tapered sides, coloured a cool, even silver grey. The colour must be clearly visible in soft daylight. Head and shoulders, centred, facing the camera and looking into the lens, relaxed natural expression. The whole head and all of the hair are visible, with clear space above the top of the head. Simple black crew-neck top, no jewellery, no hat, no glasses, no hands near the face. Professional beauty catalogue reference photo, photorealistic, shot on a full-frame camera with an 85 mm lens. Plain warm light-grey studio background, soft even front lighting, natural skin texture, true-to-life colours. No text, no watermark, no logo."
colour_men_platinum_blonde,Platinum Blonde,Hair colour,men,front,1024x1536,colour_men_platinum_blonde-front.jpg,"Subject: a man in his late 20s with light skin and natural brown hair. Hair: a short textured crop with 4-5 cm on top and tapered sides, coloured a very light, icy platinum blonde. The colour must be clearly visible in soft daylight. Head and shoulders, centred, facing the camera and looking into the lens, relaxed natural expression. The whole head and all of the hair are visible, with clear space above the top of the head. Simple black crew-neck top, no jewellery, no hat, no glasses, no hands near the face. Professional beauty catalogue reference photo, photorealistic, shot on a full-frame camera with an 85 mm lens. Plain warm light-grey studio background, soft even front lighting, natural skin texture, true-to-life colours. No text, no watermark, no logo."
colour_men_copper_brown,Copper Brown,Hair colour,men,front,1024x1536,colour_men_copper_brown-front.jpg,"Subject: a man in his late 20s with light skin and natural brown hair. Hair: a short textured crop with 4-5 cm on top and tapered sides, coloured a warm copper brown. The colour must be clearly visible in soft daylight. Head and shoulders, centred, facing the camera and looking into the lens, relaxed natural expression. The whole head and all of the hair are visible, with clear space above the top of the head. Simple black crew-neck top, no jewellery, no hat, no glasses, no hands near the face. Professional beauty catalogue reference photo, photorealistic, shot on a full-frame camera with an 85 mm lens. Plain warm light-grey studio background, soft even front lighting, natural skin texture, true-to-life colours. No text, no watermark, no logo."
colour_men_burgundy_tint,Burgundy Tint,Hair colour,men,front,1024x1536,colour_men_burgundy_tint-front.jpg,"Subject: a man in his late 20s with light skin and natural brown hair. Hair: a short textured crop with 4-5 cm on top and tapered sides, coloured a subtle burgundy red-purple tint over the natural base. The colour must be clearly visible in soft daylight. Head and shoulders, centred, facing the camera and looking into the lens, relaxed natural expression. The whole head and all of the hair are visible, with clear space above the top of the head. Simple black crew-neck top, no jewellery, no hat, no glasses, no hands near the face. Professional beauty catalogue reference photo, photorealistic, shot on a full-frame camera with an 85 mm lens. Plain warm light-grey studio background, soft even front lighting, natural skin texture, true-to-life colours. No text, no watermark, no logo."
colour_men_frosted_tips,Frosted Tips,Hair colour,men,front,1024x1536,colour_men_frosted_tips-front.jpg,"Subject: a man in his late 20s with light skin and natural brown hair. Hair: a short textured crop with 4-5 cm on top and tapered sides, coloured frosted tips: only the tips of the top section lightened to pale blonde. The colour must be clearly visible in soft daylight. Head and shoulders, centred, facing the camera and looking into the lens, relaxed natural expression. The whole head and all of the hair are visible, with clear space above the top of the head. Simple black crew-neck top, no jewellery, no hat, no glasses, no hands near the face. Professional beauty catalogue reference photo, photorealistic, shot on a full-frame camera with an 85 mm lens. Plain warm light-grey studio background, soft even front lighting, natural skin texture, true-to-life colours. No text, no watermark, no logo."
colour_men_gray_blending,Gray Blending,Hair colour,men,front,1024x1536,colour_men_gray_blending-front.jpg,"Subject: a man in his late 20s with light skin and natural brown hair. Hair: a short textured crop with 4-5 cm on top and tapered sides, coloured grey blending: visible grey strands softened so they blend with the natural colour, still natural-looking. The colour must be clearly visible in soft daylight. Head and shoulders, centred, facing the camera and looking into the lens, relaxed natural expression. The whole head and all of the hair are visible, with clear space above the top of the head. Simple black crew-neck top, no jewellery, no hat, no glasses, no hands near the face. Professional beauty catalogue reference photo, photorealistic, shot on a full-frame camera with an 85 mm lens. Plain warm light-grey studio background, soft even front lighting, natural skin texture, true-to-life colours. No text, no watermark, no logo."
makeup_no_makeup_makeup,No-Makeup Makeup,Makeup,all,front,1024x1536,makeup_no_makeup_makeup-front.jpg,"Subject: a woman in her late 20s with light skin, warm undertones and natural brown hair. Makeup: minimal makeup that looks like none: evened-out skin with sheer coverage, groomed brows, clear mascara, tinted lip balm. Hair pulled back off the face. Close head-and-shoulders framing so the makeup detail is clear. Head and shoulders, centred, facing the camera and looking into the lens, relaxed natural expression. The whole head and all of the hair are visible, with clear space above the top of the head. Simple black crew-neck top, no jewellery, no hat, no glasses, no hands near the face. Professional beauty catalogue reference photo, photorealistic, shot on a full-frame camera with an 85 mm lens. Plain warm light-grey studio background, soft even front lighting, natural skin texture, true-to-life colours. No text, no watermark, no logo."
makeup_natural_glow,Natural Glow,Makeup,all,front,1024x1536,makeup_natural_glow-front.jpg,"Subject: a woman in her 30s with medium olive skin and dark brown hair. Makeup: fresh, dewy skin with light coverage, soft brows, rosy cheeks and a tinted lip. Hair pulled back off the face. Close head-and-shoulders framing so the makeup detail is clear. Head and shoulders, centred, facing the camera and looking into the lens, relaxed natural expression. The whole head and all of the hair are visible, with clear space above the top of the head. Simple black crew-neck top, no jewellery, no hat, no glasses, no hands near the face. Professional beauty catalogue reference photo, photorealistic, shot on a full-frame camera with an 85 mm lens. Plain warm light-grey studio background, soft even front lighting, natural skin texture, true-to-life colours. No text, no watermark, no logo."
makeup_soft_nude,Soft Nude,Makeup,all,front,1024x1536,makeup_soft_nude-front.jpg,"Subject: a woman in her 20s with tan skin and black hair. Makeup: neutral nude makeup: soft taupe eyeshadow, thin brown liner, light mascara and a nude lip. Hair pulled back off the face. Close head-and-shoulders framing so the makeup detail is clear. Head and shoulders, centred, facing the camera and looking into the lens, relaxed natural expression. The whole head and all of the hair are visible, with clear space above the top of the head. Simple black crew-neck top, no jewellery, no hat, no glasses, no hands near the face. Professional beauty catalogue reference photo, photorealistic, shot on a full-frame camera with an 85 mm lens. Plain warm light-grey studio background, soft even front lighting, natural skin texture, true-to-life colours. No text, no watermark, no logo."
makeup_office_makeup,Office Makeup,Makeup,all,front,1024x1536,makeup_office_makeup-front.jpg,"Subject: a woman in her 40s with fair skin, cool undertones and light brown hair. Makeup: polished office makeup: even satin skin, defined brows, matte neutral eyeshadow, mascara and a muted rose lip. Hair pulled back off the face. Close head-and-shoulders framing so the makeup detail is clear. Head and shoulders, centred, facing the camera and looking into the lens, relaxed natural expression. The whole head and all of the hair are visible, with clear space above the top of the head. Simple black crew-neck top, no jewellery, no hat, no glasses, no hands near the face. Professional beauty catalogue reference photo, photorealistic, shot on a full-frame camera with an 85 mm lens. Plain warm light-grey studio background, soft even front lighting, natural skin texture, true-to-life colours. No text, no watermark, no logo."
makeup_fresh_everyday,Fresh Everyday,Makeup,all,front,1024x1536,makeup_fresh_everyday-front.jpg,"Subject: a woman in her 30s with light-medium skin, freckles and auburn-brown hair. Makeup: fresh everyday makeup: light skin tint, a touch of peach blush, mascara and a glossy lip. Hair pulled back off the face. Close head-and-shoulders framing so the makeup detail is clear. Head and shoulders, centred, facing the camera and looking into the lens, relaxed natural expression. The whole head and all of the hair are visible, with clear space above the top of the head. Simple black crew-neck top, no jewellery, no hat, no glasses, no hands near the face. Professional beauty catalogue reference photo, photorealistic, shot on a full-frame camera with an 85 mm lens. Plain warm light-grey studio background, soft even front lighting, natural skin texture, true-to-life colours. No text, no watermark, no logo."
makeup_minimal_makeup,Minimal Makeup,Makeup,all,front,1024x1536,makeup_minimal_makeup-front.jpg,"Subject: a man in his 30s with deep brown skin and black hair. Makeup: minimal makeup: concealer only where needed, brushed-up brows and a sheer lip colour. Hair pulled back off the face. Close head-and-shoulders framing so the makeup detail is clear. Head and shoulders, centred, facing the camera and looking into the lens, relaxed natural expression. The whole head and all of the hair are visible, with clear space above the top of the head. Simple black crew-neck top, no jewellery, no hat, no glasses, no hands near the face. Professional beauty catalogue reference photo, photorealistic, shot on a full-frame camera with an 85 mm lens. Plain warm light-grey studio background, soft even front lighting, natural skin texture, true-to-life colours. No text, no watermark, no logo."
makeup_soft_glam,Soft Glam,Makeup,all,front,1024x1536,makeup_soft_glam-front.jpg,"Subject: a woman in her late 20s with light skin, warm undertones and natural brown hair. Makeup: soft glam: warm neutral blended eyeshadow, soft winged liner, defined lashes, sculpted cheeks and a nude-pink lip. Hair pulled back off the face. Close head-and-shoulders framing so the makeup detail is clear. Head and shoulders, centred, facing the camera and looking into the lens, relaxed natural expression. The whole head and all of the hair are visible, with clear space above the top of the head. Simple black crew-neck top, no jewellery, no hat, no glasses, no hands near the face. Professional beauty catalogue reference photo, photorealistic, shot on a full-frame camera with an 85 mm lens. Plain warm light-grey studio background, soft even front lighting, natural skin texture, true-to-life colours. No text, no watermark, no logo."
makeup_full_glam,Full Glam,Makeup,all,front,1024x1536,makeup_full_glam-front.jpg,"Subject: a woman in her 30s with medium olive skin and dark brown hair. Makeup: full glam: full-coverage skin, contour and highlight, dramatic eyeshadow, lashes and a defined lip. Hair pulled back off the face. Close head-and-shoulders framing so the makeup detail is clear. Head and shoulders, centred, facing the camera and looking into the lens, relaxed natural expression. The whole head and all of the hair are visible, with clear space above the top of the head. Simple black crew-neck top, no jewellery, no hat, no glasses, no hands near the face. Professional beauty catalogue reference photo, photorealistic, shot on a full-frame camera with an 85 mm lens. Plain warm light-grey studio background, soft even front lighting, natural skin texture, true-to-life colours. No text, no watermark, no logo."
makeup_smokey_eye,Smokey Eye,Makeup,all,front,1024x1536,makeup_smokey_eye-front.jpg,"Subject: a woman in her 20s with tan skin and black hair. Makeup: a smokey eye: blended charcoal eyeshadow, smudged liner on the waterline, full lashes and a neutral lip. Hair pulled back off the face. Close head-and-shoulders framing so the makeup detail is clear. Head and shoulders, centred, facing the camera and looking into the lens, relaxed natural expression. The whole head and all of the hair are visible, with clear space above the top of the head. Simple black crew-neck top, no jewellery, no hat, no glasses, no hands near the face. Professional beauty catalogue reference photo, photorealistic, shot on a full-frame camera with an 85 mm lens. Plain warm light-grey studio background, soft even front lighting, natural skin texture, true-to-life colours. No text, no watermark, no logo."
makeup_cut_crease,Cut Crease,Makeup,all,front,1024x1536,makeup_cut_crease-front.jpg,"Subject: a woman in her 40s with fair skin, cool undertones and light brown hair. Makeup: a cut crease: a sharply defined crease line with a light lid colour and winged liner. Hair pulled back off the face. Close head-and-shoulders framing so the makeup detail is clear. Head and shoulders, centred, facing the camera and looking into the lens, relaxed natural expression. The whole head and all of the hair are visible, with clear space above the top of the head. Simple black crew-neck top, no jewellery, no hat, no glasses, no hands near the face. Professional beauty catalogue reference photo, photorealistic, shot on a full-frame camera with an 85 mm lens. Plain warm light-grey studio background, soft even front lighting, natural skin texture, true-to-life colours. No text, no watermark, no logo."
makeup_bridal,Bridal,Makeup,all,front,1024x1536,makeup_bridal-front.jpg,"Subject: a woman in her 30s with light-medium skin, freckles and auburn-brown hair. Makeup: long-wear bridal makeup: soft-matte flawless skin, shimmer lids, lashes, soft blush and a rose lip. Hair pulled back off the face. Close head-and-shoulders framing so the makeup detail is clear. Head and shoulders, centred, facing the camera and looking into the lens, relaxed natural expression. The whole head and all of the hair are visible, with clear space above the top of the head. Simple black crew-neck top, no jewellery, no hat, no glasses, no hands near the face. Professional beauty catalogue reference photo, photorealistic, shot on a full-frame camera with an 85 mm lens. Plain warm light-grey studio background, soft even front lighting, natural skin texture, true-to-life colours. No text, no watermark, no logo."
makeup_party,Party,Makeup,all,front,1024x1536,makeup_party-front.jpg,"Subject: a woman in her 30s with deep brown skin and black hair. Makeup: party makeup: shimmer eyeshadow, winged liner, glowing highlight and a bold glossy lip. Hair pulled back off the face. Close head-and-shoulders framing so the makeup detail is clear. Head and shoulders, centred, facing the camera and looking into the lens, relaxed natural expression. The whole head and all of the hair are visible, with clear space above the top of the head. Simple black crew-neck top, no jewellery, no hat, no glasses, no hands near the face. Professional beauty catalogue reference photo, photorealistic, shot on a full-frame camera with an 85 mm lens. Plain warm light-grey studio background, soft even front lighting, natural skin texture, true-to-life colours. No text, no watermark, no logo."
makeup_evening,Evening,Makeup,all,front,1024x1536,makeup_evening-front.jpg,"Subject: a woman in her late 20s with light skin, warm undertones and natural brown hair. Makeup: evening makeup: defined bronze eyes, sculpted cheeks and a deep berry lip. Hair pulled back off the face. Close head-and-shoulders framing so the makeup detail is clear. Head and shoulders, centred, facing the camera and looking into the lens, relaxed natural expression. The whole head and all of the hair are visible, with clear space above the top of the head. Simple black crew-neck top, no jewellery, no hat, no glasses, no hands near the face. Professional beauty catalogue reference photo, photorealistic, shot on a full-frame camera with an 85 mm lens. Plain warm light-grey studio background, soft even front lighting, natural skin texture, true-to-life colours. No text, no watermark, no logo."
makeup_festive,Festive,Makeup,all,front,1024x1536,makeup_festive-front.jpg,"Subject: a woman in her 30s with medium olive skin and dark brown hair. Makeup: festive makeup: jewel-toned shimmer eyeshadow, gold inner-corner highlight, kohl liner and a rich red lip. Hair pulled back off the face. Close head-and-shoulders framing so the makeup detail is clear. Head and shoulders, centred, facing the camera and looking into the lens, relaxed natural expression. The whole head and all of the hair are visible, with clear space above the top of the head. Simple black crew-neck top, no jewellery, no hat, no glasses, no hands near the face. Professional beauty catalogue reference photo, photorealistic, shot on a full-frame camera with an 85 mm lens. Plain warm light-grey studio background, soft even front lighting, natural skin texture, true-to-life colours. No text, no watermark, no logo."
makeup_winged_liner,Winged Liner,Makeup,all,front,1024x1536,makeup_winged_liner-front.jpg,"Subject: a woman in her 20s with tan skin and black hair. Makeup: a clean black winged eyeliner flick on the upper lid, the rest of the face unchanged. Hair pulled back off the face. Close head-and-shoulders framing so the makeup detail is clear. Head and shoulders, centred, facing the camera and looking into the lens, relaxed natural expression. The whole head and all of the hair are visible, with clear space above the top of the head. Simple black crew-neck top, no jewellery, no hat, no glasses, no hands near the face. Professional beauty catalogue reference photo, photorealistic, shot on a full-frame camera with an 85 mm lens. Plain warm light-grey studio background, soft even front lighting, natural skin texture, true-to-life colours. No text, no watermark, no logo."
makeup_soft_smokey_eye,Soft Smokey Eye,Makeup,all,front,1024x1536,makeup_soft_smokey_eye-front.jpg,"Subject: a woman in her 40s with fair skin, cool undertones and light brown hair. Makeup: a soft brown smokey eye, lightly blended, with mascara. Hair pulled back off the face. Close head-and-shoulders framing so the makeup detail is clear. Head and shoulders, centred, facing the camera and looking into the lens, relaxed natural expression. The whole head and all of the hair are visible, with clear space above the top of the head. Simple black crew-neck top, no jewellery, no hat, no glasses, no hands near the face. Professional beauty catalogue reference photo, photorealistic, shot on a full-frame camera with an 85 mm lens. Plain warm light-grey studio background, soft even front lighting, natural skin texture, true-to-life colours. No text, no watermark, no logo."
makeup_graphic_liner,Graphic Liner,Makeup,all,front,1024x1536,makeup_graphic_liner-front.jpg,"Subject: a woman in her 30s with light-medium skin, freckles and auburn-brown hair. Makeup: graphic eyeliner: a bold, sharp geometric liner shape on the upper lid. Hair pulled back off the face. Close head-and-shoulders framing so the makeup detail is clear. Head and shoulders, centred, facing the camera and looking into the lens, relaxed natural expression. The whole head and all of the hair are visible, with clear space above the top of the head. Simple black crew-neck top, no jewellery, no hat, no glasses, no hands near the face. Professional beauty catalogue reference photo, photorealistic, shot on a full-frame camera with an 85 mm lens. Plain warm light-grey studio background, soft even front lighting, natural skin texture, true-to-life colours. No text, no watermark, no logo."
makeup_nude_lip,Nude Lip,Makeup,all,front,1024x1536,makeup_nude_lip-front.jpg,"Subject: a woman in her 30s with deep brown skin and black hair. Makeup: a creamy nude lip colour close to the natural lip tone. Hair pulled back off the face. Close head-and-shoulders framing so the makeup detail is clear. Head and shoulders, centred, facing the camera and looking into the lens, relaxed natural expression. The whole head and all of the hair are visible, with clear space above the top of the head. Simple black crew-neck top, no jewellery, no hat, no glasses, no hands near the face. Professional beauty catalogue reference photo, photorealistic, shot on a full-frame camera with an 85 mm lens. Plain warm light-grey studio background, soft even front lighting, natural skin texture, true-to-life colours. No text, no watermark, no logo."
makeup_rose_lip,Rose Lip,Makeup,all,front,1024x1536,makeup_rose_lip-front.jpg,"Subject: a woman in her late 20s with light skin, warm undertones and natural brown hair. Makeup: a muted rose lip colour. Hair pulled back off the face. Close head-and-shoulders framing so the makeup detail is clear. Head and shoulders, centred, facing the camera and looking into the lens, relaxed natural expression. The whole head and all of the hair are visible, with clear space above the top of the head. Simple black crew-neck top, no jewellery, no hat, no glasses, no hands near the face. Professional beauty catalogue reference photo, photorealistic, shot on a full-frame camera with an 85 mm lens. Plain warm light-grey studio background, soft even front lighting, natural skin texture, true-to-life colours. No text, no watermark, no logo."
makeup_classic_red_lip,Classic Red Lip,Makeup,all,front,1024x1536,makeup_classic_red_lip-front.jpg,"Subject: a woman in her 30s with medium olive skin and dark brown hair. Makeup: a classic, matte statement red lip. Hair pulled back off the face. Close head-and-shoulders framing so the makeup detail is clear. Head and shoulders, centred, facing the camera and looking into the lens, relaxed natural expression. The whole head and all of the hair are visible, with clear space above the top of the head. Simple black crew-neck top, no jewellery, no hat, no glasses, no hands near the face. Professional beauty catalogue reference photo, photorealistic, shot on a full-frame camera with an 85 mm lens. Plain warm light-grey studio background, soft even front lighting, natural skin texture, true-to-life colours. No text, no watermark, no logo."
makeup_glossy_lip,Glossy Lip,Makeup,all,front,1024x1536,makeup_glossy_lip-front.jpg,"Subject: a woman in her 20s with tan skin and black hair. Makeup: a sheer, glossy lip finish over the natural lip colour. Hair pulled back off the face. Close head-and-shoulders framing so the makeup detail is clear. Head and shoulders, centred, facing the camera and looking into the lens, relaxed natural expression. The whole head and all of the hair are visible, with clear space above the top of the head. Simple black crew-neck top, no jewellery, no hat, no glasses, no hands near the face. Professional beauty catalogue reference photo, photorealistic, shot on a full-frame camera with an 85 mm lens. Plain warm light-grey studio background, soft even front lighting, natural skin texture, true-to-life colours. No text, no watermark, no logo."
makeup_dewy,Dewy,Makeup,all,front,1024x1536,makeup_dewy-front.jpg,"Subject: a woman in her 40s with fair skin, cool undertones and light brown hair. Makeup: a dewy skin finish with natural radiance, no heavy coverage. Hair pulled back off the face. Close head-and-shoulders framing so the makeup detail is clear. Head and shoulders, centred, facing the camera and looking into the lens, relaxed natural expression. The whole head and all of the hair are visible, with clear space above the top of the head. Simple black crew-neck top, no jewellery, no hat, no glasses, no hands near the face. Professional beauty catalogue reference photo, photorealistic, shot on a full-frame camera with an 85 mm lens. Plain warm light-grey studio background, soft even front lighting, natural skin texture, true-to-life colours. No text, no watermark, no logo."
makeup_matte,Matte,Makeup,all,front,1024x1536,makeup_matte-front.jpg,"Subject: a woman in her 30s with light-medium skin, freckles and auburn-brown hair. Makeup: a soft-matte skin finish that reduces shine, skin texture kept. Hair pulled back off the face. Close head-and-shoulders framing so the makeup detail is clear. Head and shoulders, centred, facing the camera and looking into the lens, relaxed natural expression. The whole head and all of the hair are visible, with clear space above the top of the head. Simple black crew-neck top, no jewellery, no hat, no glasses, no hands near the face. Professional beauty catalogue reference photo, photorealistic, shot on a full-frame camera with an 85 mm lens. Plain warm light-grey studio background, soft even front lighting, natural skin texture, true-to-life colours. No text, no watermark, no logo."
makeup_satin,Satin,Makeup,all,front,1024x1536,makeup_satin-front.jpg,"Subject: a man in his 30s with deep brown skin and black hair. Makeup: a satin skin finish between matte and dewy. Hair pulled back off the face. Close head-and-shoulders framing so the makeup detail is clear. Head and shoulders, centred, facing the camera and looking into the lens, relaxed natural expression. The whole head and all of the hair are visible, with clear space above the top of the head. Simple black crew-neck top, no jewellery, no hat, no glasses, no hands near the face. Professional beauty catalogue reference photo, photorealistic, shot on a full-frame camera with an 85 mm lens. Plain warm light-grey studio background, soft even front lighting, natural skin texture, true-to-life colours. No text, no watermark, no logo."
makeup_radiant,Radiant,Makeup,all,front,1024x1536,makeup_radiant-front.jpg,"Subject: a woman in her late 20s with light skin, warm undertones and natural brown hair. Makeup: a luminous, radiant skin finish with highlight on the cheekbones. Hair pulled back off the face. Close head-and-shoulders framing so the makeup detail is clear. Head and shoulders, centred, facing the camera and looking into the lens, relaxed natural expression. The whole head and all of the hair are visible, with clear space above the top of the head. Simple black crew-neck top, no jewellery, no hat, no glasses, no hands near the face. Professional beauty catalogue reference photo, photorealistic, shot on a full-frame camera with an 85 mm lens. Plain warm light-grey studio background, soft even front lighting, natural skin texture, true-to-life colours. No text, no watermark, no logo."
beard_full_beard,Full Beard,Beard & grooming,men,front,1024x1536,beard_full_beard-front.jpg,"Subject: a man in his late 20s with light skin and natural brown hair. Facial hair: a full, well-groomed beard about 2-3 cm long with a sharp cheek line and neckline. Hair: a short, neat classic taper. Head and shoulders, centred, facing the camera and looking into the lens, relaxed natural expression. The whole head and all of the hair are visible, with clear space above the top of the head. Simple black crew-neck top, no jewellery, no hat, no glasses, no hands near the face. Professional beauty catalogue reference photo, photorealistic, shot on a full-frame camera with an 85 mm lens. Plain warm light-grey studio background, soft even front lighting, natural skin texture, true-to-life colours. No text, no watermark, no logo."
beard_short_boxed_beard,Short Boxed Beard,Beard & grooming,men,front,1024x1536,beard_short_boxed_beard-front.jpg,"Subject: a man in his 30s with medium olive skin and dark brown hair. Facial hair: a short boxed beard about 1 cm long with crisp edges and a connected moustache. Hair: a short, neat classic taper. Head and shoulders, centred, facing the camera and looking into the lens, relaxed natural expression. The whole head and all of the hair are visible, with clear space above the top of the head. Simple black crew-neck top, no jewellery, no hat, no glasses, no hands near the face. Professional beauty catalogue reference photo, photorealistic, shot on a full-frame camera with an 85 mm lens. Plain warm light-grey studio background, soft even front lighting, natural skin texture, true-to-life colours. No text, no watermark, no logo."
beard_designer_stubble,Designer Stubble,Beard & grooming,men,front,1024x1536,beard_designer_stubble-front.jpg,"Subject: a man in his 20s with tan skin and black hair. Facial hair: even designer stubble of a few days' growth with a tidy neckline. Hair: a short, neat classic taper. Head and shoulders, centred, facing the camera and looking into the lens, relaxed natural expression. The whole head and all of the hair are visible, with clear space above the top of the head. Simple black crew-neck top, no jewellery, no hat, no glasses, no hands near the face. Professional beauty catalogue reference photo, photorealistic, shot on a full-frame camera with an 85 mm lens. Plain warm light-grey studio background, soft even front lighting, natural skin texture, true-to-life colours. No text, no watermark, no logo."
beard_goatee,Goatee,Beard & grooming,men,front,1024x1536,beard_goatee-front.jpg,"Subject: a man in his 40s with fair skin and light brown hair, a few grey strands. Facial hair: a neat goatee: hair on the chin connected to a trimmed moustache, cheeks clean-shaven. Hair: a short, neat classic taper. Head and shoulders, centred, facing the camera and looking into the lens, relaxed natural expression. The whole head and all of the hair are visible, with clear space above the top of the head. Simple black crew-neck top, no jewellery, no hat, no glasses, no hands near the face. Professional beauty catalogue reference photo, photorealistic, shot on a full-frame camera with an 85 mm lens. Plain warm light-grey studio background, soft even front lighting, natural skin texture, true-to-life colours. No text, no watermark, no logo."
beard_classic_moustache,Classic Moustache,Beard & grooming,men,front,1024x1536,beard_classic_moustache-front.jpg,"Subject: a man in his 30s with light-medium skin and dark blond hair. Facial hair: a trimmed classic moustache along the top lip, the rest of the face clean-shaven. Hair: a short, neat classic taper. Head and shoulders, centred, facing the camera and looking into the lens, relaxed natural expression. The whole head and all of the hair are visible, with clear space above the top of the head. Simple black crew-neck top, no jewellery, no hat, no glasses, no hands near the face. Professional beauty catalogue reference photo, photorealistic, shot on a full-frame camera with an 85 mm lens. Plain warm light-grey studio background, soft even front lighting, natural skin texture, true-to-life colours. No text, no watermark, no logo."
beard_clean_shave,Clean Shave,Beard & grooming,men,front,1024x1536,beard_clean_shave-front.jpg,"Subject: a man in his 30s with deep brown skin and black hair. Facial hair: a smooth, clean-shaven face with no facial hair. Hair: a short, neat classic taper. Head and shoulders, centred, facing the camera and looking into the lens, relaxed natural expression. The whole head and all of the hair are visible, with clear space above the top of the head. Simple black crew-neck top, no jewellery, no hat, no glasses, no hands near the face. Professional beauty catalogue reference photo, photorealistic, shot on a full-frame camera with an 85 mm lens. Plain warm light-grey studio background, soft even front lighting, natural skin texture, true-to-life colours. No text, no watermark, no logo."
nails_french_ombre,French Ombre,Nail art,all,front,1024x1024,nails_french_ombre-front.jpg,"Close-up of one relaxed hand resting on a plain warm light-grey surface, fingers slightly apart, all nails clearly visible and in sharp focus: a soft pink-to-white French ombre manicure. Medium-length nails, natural skin. Professional beauty catalogue reference photo, photorealistic, shot on a full-frame camera with an 85 mm lens. Plain warm light-grey studio background, soft even front lighting, natural skin texture, true-to-life colours. No text, no watermark, no logo."
nails_rose_gold_chrome,Rose Gold Chrome,Nail art,all,front,1024x1024,nails_rose_gold_chrome-front.jpg,"Close-up of one relaxed hand resting on a plain warm light-grey surface, fingers slightly apart, all nails clearly visible and in sharp focus: mirror-finish rose gold chrome nails. Medium-length nails, natural skin. Professional beauty catalogue reference photo, photorealistic, shot on a full-frame camera with an 85 mm lens. Plain warm light-grey studio background, soft even front lighting, natural skin texture, true-to-life colours. No text, no watermark, no logo."
nails_classic_nude,Classic Nude,Nail art,all,front,1024x1024,nails_classic_nude-front.jpg,"Close-up of one relaxed hand resting on a plain warm light-grey surface, fingers slightly apart, all nails clearly visible and in sharp focus: glossy classic nude almond nails. Medium-length nails, natural skin. Professional beauty catalogue reference photo, photorealistic, shot on a full-frame camera with an 85 mm lens. Plain warm light-grey studio background, soft even front lighting, natural skin texture, true-to-life colours. No text, no watermark, no logo."
nails_marble,Marble,Nail art,all,front,1024x1024,nails_marble-front.jpg,"Close-up of one relaxed hand resting on a plain warm light-grey surface, fingers slightly apart, all nails clearly visible and in sharp focus: white marble nail art with fine grey and gold veins. Medium-length nails, natural skin. Professional beauty catalogue reference photo, photorealistic, shot on a full-frame camera with an 85 mm lens. Plain warm light-grey studio background, soft even front lighting, natural skin texture, true-to-life colours. No text, no watermark, no logo."
look_women_red_carpet,Red Carpet,Overall beauty look,women,front,1024x1536,look_women_red_carpet-front.jpg,"Subject: a woman in her late 20s with light skin, warm undertones and natural brown hair. Hairstyle: long, glossy, voluminous S-shaped waves with soft face-framing layers. Makeup: a classic, matte statement red lip. Head and shoulders, centred, facing the camera and looking into the lens, relaxed natural expression. The whole head and all of the hair are visible, with clear space above the top of the head. Simple black crew-neck top, no jewellery, no hat, no glasses, no hands near the face. Professional beauty catalogue reference photo, photorealistic, shot on a full-frame camera with an 85 mm lens. Plain warm light-grey studio background, soft even front lighting, natural skin texture, true-to-life colours. No text, no watermark, no logo."
look_women_evening_gala,Evening Gala,Overall beauty look,women,front,1024x1536,look_women_evening_gala-front.jpg,"Subject: a woman in her 30s with medium olive skin and dark brown hair. Hairstyle: an elegant braided updo gathered at the back with soft loose tendrils. Makeup: a smokey eye: blended charcoal eyeshadow, smudged liner on the waterline, full lashes and a neutral lip. Head and shoulders, centred, facing the camera and looking into the lens, relaxed natural expression. The whole head and all of the hair are visible, with clear space above the top of the head. Simple black crew-neck top, no jewellery, no hat, no glasses, no hands near the face. Professional beauty catalogue reference photo, photorealistic, shot on a full-frame camera with an 85 mm lens. Plain warm light-grey studio background, soft even front lighting, natural skin texture, true-to-life colours. No text, no watermark, no logo."
look_women_bridal_luxe,Bridal Luxe,Overall beauty look,women,front,1024x1536,look_women_bridal_luxe-front.jpg,"Subject: a woman in her 20s with tan skin and black hair. Hairstyle: a formal bridal updo: hair gathered into a smooth, sculpted low updo with soft face-framing tendrils. Makeup: long-wear bridal makeup: soft-matte flawless skin, shimmer lids, lashes, soft blush and a rose lip. Head and shoulders, centred, facing the camera and looking into the lens, relaxed natural expression. The whole head and all of the hair are visible, with clear space above the top of the head. Simple black crew-neck top, no jewellery, no hat, no glasses, no hands near the face. Professional beauty catalogue reference photo, photorealistic, shot on a full-frame camera with an 85 mm lens. Plain warm light-grey studio background, soft even front lighting, natural skin texture, true-to-life colours. No text, no watermark, no logo."
look_women_sunny_weekend,Sunny Weekend,Overall beauty look,women,front,1024x1536,look_women_sunny_weekend-front.jpg,"Subject: a woman in her 40s with fair skin, cool undertones and light brown hair. Hairstyle: loose, tousled, textured beach waves with a relaxed, undone finish. Hair colour: a golden honey blonde. Makeup: fresh, dewy skin with light coverage, soft brows, rosy cheeks and a tinted lip. Head and shoulders, centred, facing the camera and looking into the lens, relaxed natural expression. The whole head and all of the hair are visible, with clear space above the top of the head. Simple black crew-neck top, no jewellery, no hat, no glasses, no hands near the face. Professional beauty catalogue reference photo, photorealistic, shot on a full-frame camera with an 85 mm lens. Plain warm light-grey studio background, soft even front lighting, natural skin texture, true-to-life colours. No text, no watermark, no logo."
look_women_office_ready,Office Ready,Overall beauty look,women,front,1024x1536,look_women_office_ready-front.jpg,"Subject: a woman in her 30s with light-medium skin, freckles and auburn-brown hair. Hairstyle: a long bob (lob): collarbone length with a straight, slightly angled outline. Makeup: polished office makeup: even satin skin, defined brows, matte neutral eyeshadow, mascara and a muted rose lip. Head and shoulders, centred, facing the camera and looking into the lens, relaxed natural expression. The whole head and all of the hair are visible, with clear space above the top of the head. Simple black crew-neck top, no jewellery, no hat, no glasses, no hands near the face. Professional beauty catalogue reference photo, photorealistic, shot on a full-frame camera with an 85 mm lens. Plain warm light-grey studio background, soft even front lighting, natural skin texture, true-to-life colours. No text, no watermark, no logo."
look_men_groom_look,Groom Look,Overall beauty look,men,front,1024x1536,look_men_groom_look-front.jpg,"Subject: a man in his late 20s with light skin and natural brown hair. Hairstyle: a classic side part: tapered sides, 5-6 cm on top combed to one side from a clean, defined part. Beard & grooming: a short boxed beard about 1 cm long with crisp edges and a connected moustache. Head and shoulders, centred, facing the camera and looking into the lens, relaxed natural expression. The whole head and all of the hair are visible, with clear space above the top of the head. Simple black crew-neck top, no jewellery, no hat, no glasses, no hands near the face. Professional beauty catalogue reference photo, photorealistic, shot on a full-frame camera with an 85 mm lens. Plain warm light-grey studio background, soft even front lighting, natural skin texture, true-to-life colours. No text, no watermark, no logo."
look_men_smart_classic,Smart Classic,Overall beauty look,men,front,1024x1536,look_men_smart_classic-front.jpg,"Subject: a man in his 30s with medium olive skin and dark brown hair. Hairstyle: a classic taper: sides and back gradually shorter down to the neckline, 3-4 cm on top neatly combed. Beard & grooming: a smooth, clean-shaven face with no facial hair. Head and shoulders, centred, facing the camera and looking into the lens, relaxed natural expression. The whole head and all of the hair are visible, with clear space above the top of the head. Simple black crew-neck top, no jewellery, no hat, no glasses, no hands near the face. Professional beauty catalogue reference photo, photorealistic, shot on a full-frame camera with an 85 mm lens. Plain warm light-grey studio background, soft even front lighting, natural skin texture, true-to-life colours. No text, no watermark, no logo."
look_men_weekend_texture,Weekend Texture,Overall beauty look,men,front,1024x1536,look_men_weekend_texture-front.jpg,"Subject: a man in his 20s with tan skin and black hair. Hairstyle: a textured crop: mid fade on the sides, 4 cm choppy, piecey texture on top with a matte finish. Beard & grooming: even designer stubble of a few days' growth with a tidy neckline. Head and shoulders, centred, facing the camera and looking into the lens, relaxed natural expression. The whole head and all of the hair are visible, with clear space above the top of the head. Simple black crew-neck top, no jewellery, no hat, no glasses, no hands near the face. Professional beauty catalogue reference photo, photorealistic, shot on a full-frame camera with an 85 mm lens. Plain warm light-grey studio background, soft even front lighting, natural skin texture, true-to-life colours. No text, no watermark, no logo."
